<?xml version="1.0" encoding="UTF-8"?>
<VirtualServiceConfiguration LastUpdated="1426566038085" ServiceName="ns13:Box_API_Hook" xmlns="http://soa.com/capabilities/service/virtualization/bpel" xmlns:ns10="http://schemas.xmlsoap.org/ws/2003/03/business-process/" xmlns:ns11="http://soa.com/bpel/ext" xmlns:ns12="http://schemas.xmlsoap.org/ws/2003/05/partner-link/" xmlns:ns13="{https://api.box.com/2.0/hook}" xmlns:ns2="http://schemas.xmlsoap.org/ws/2006/02/addressingidentity" xmlns:ns3="http://www.w3.org/2000/09/xmldsig#" xmlns:ns4="http://docs.oasis-open.org/wss/2004/01/oasis-200401-wss-wssecurity-secext-1.0.xsd" xmlns:ns5="http://docs.oasis-open.org/wss/2004/01/oasis-200401-wss-wssecurity-utility-1.0.xsd" xmlns:ns6="http://schemas.xmlsoap.org/ws/2004/09/mex" xmlns:ns7="http://soa.com/capabilities/service/virtualization/bpel/activity" xmlns:ns8="http://www.w3.org/2001/04/xmlenc#" xmlns:ns9="http://federatedgovernance.org/mc/configuration/x509"><OutboundIdentityConfig><UseInboundIdentities xmlns:xs="http://www.w3.org/2001/XMLSchema" xmlns:xsi="http://www.w3.org/2001/XMLSchema-instance" xsi:type="xs:boolean">true</UseInboundIdentities><UseServiceIdentityForHTTPS>false</UseServiceIdentityForHTTPS></OutboundIdentityConfig><PolicyImplementationConfig><ImplementPolicies>true</ImplementPolicies></PolicyImplementationConfig><OperationImplementation InterfaceName="ns14:Box_API_Hook" LastUpdated="1426566038060" OperationName="POST__upload_files_content" xmlns:ns14="https://api.box.com/2.0/hook"><Process/><BindingHeaderInstructions><PreserveBindingHeaders>true</PreserveBindingHeaders></BindingHeaderInstructions><TransportHeaderInstructions><PreserveTransportHeaders>true</PreserveTransportHeaders></TransportHeaderInstructions></OperationImplementation><OperationImplementation InterfaceName="ns14:Box_API_Hook" LastUpdated="1425876443008" OperationName="DELETE__collaborations__id_" xmlns:ns14="https://api.box.com/2.0/hook"><Process/><BindingHeaderInstructions><PreserveBindingHeaders>true</PreserveBindingHeaders></BindingHeaderInstructions><TransportHeaderInstructions><PreserveTransportHeaders>true</PreserveTransportHeaders></TransportHeaderInstructions></OperationImplementation><OperationImplementation InterfaceName="ns14:Box_API_Hook" LastUpdated="1425876443047" OperationName="DELETE__comments__comment_id_" xmlns:ns14="https://api.box.com/2.0/hook"><Process/><BindingHeaderInstructions><PreserveBindingHeaders>true</PreserveBindingHeaders></BindingHeaderInstructions><TransportHeaderInstructions><PreserveTransportHeaders>true</PreserveTransportHeaders></TransportHeaderInstructions></OperationImplementation><OperationImplementation InterfaceName="ns14:Box_API_Hook" LastUpdated="1425876443087" OperationName="DELETE__files__id_" xmlns:ns14="https://api.box.com/2.0/hook"><Process/><BindingHeaderInstructions><PreserveBindingHeaders>true</PreserveBindingHeaders></BindingHeaderInstructions><TransportHeaderInstructions><PreserveTransportHeaders>true</PreserveTransportHeaders></TransportHeaderInstructions></OperationImplementation><OperationImplementation InterfaceName="ns14:Box_API_Hook" LastUpdated="1425876443133" OperationName="DELETE__files__id__trash" xmlns:ns14="https://api.box.com/2.0/hook"><Process/><BindingHeaderInstructions><PreserveBindingHeaders>true</PreserveBindingHeaders></BindingHeaderInstructions><TransportHeaderInstructions><PreserveTransportHeaders>true</PreserveTransportHeaders></TransportHeaderInstructions></OperationImplementation><OperationImplementation InterfaceName="ns14:Box_API_Hook" LastUpdated="1425876443171" OperationName="DELETE__files__id__versions__version_id_" xmlns:ns14="https://api.box.com/2.0/hook"><Process/><BindingHeaderInstructions><PreserveBindingHeaders>true</PreserveBindingHeaders></BindingHeaderInstructions><TransportHeaderInstructions><PreserveTransportHeaders>true</PreserveTransportHeaders></TransportHeaderInstructions></OperationImplementation><OperationImplementation InterfaceName="ns14:Box_API_Hook" LastUpdated="1425876443217" OperationName="DELETE__folders__id_" xmlns:ns14="https://api.box.com/2.0/hook"><Process/><BindingHeaderInstructions><PreserveBindingHeaders>true</PreserveBindingHeaders></BindingHeaderInstructions><TransportHeaderInstructions><PreserveTransportHeaders>true</PreserveTransportHeaders></TransportHeaderInstructions></OperationImplementation><OperationImplementation InterfaceName="ns14:Box_API_Hook" LastUpdated="1425876443424" OperationName="DELETE__folders__id__trash" xmlns:ns14="https://api.box.com/2.0/hook"><Process/><BindingHeaderInstructions><PreserveBindingHeaders>true</PreserveBindingHeaders></BindingHeaderInstructions><TransportHeaderInstructions><PreserveTransportHeaders>true</PreserveTransportHeaders></TransportHeaderInstructions></OperationImplementation><OperationImplementation InterfaceName="ns14:Box_API_Hook" LastUpdated="1425876443463" OperationName="DELETE__group_memberships__id_" xmlns:ns14="https://api.box.com/2.0/hook"><Process/><BindingHeaderInstructions><PreserveBindingHeaders>true</PreserveBindingHeaders></BindingHeaderInstructions><TransportHeaderInstructions><PreserveTransportHeaders>true</PreserveTransportHeaders></TransportHeaderInstructions></OperationImplementation><OperationImplementation InterfaceName="ns14:Box_API_Hook" LastUpdated="1425876443502" OperationName="DELETE__groups__id_" xmlns:ns14="https://api.box.com/2.0/hook"><Process/><BindingHeaderInstructions><PreserveBindingHeaders>true</PreserveBindingHeaders></BindingHeaderInstructions><TransportHeaderInstructions><PreserveTransportHeaders>true</PreserveTransportHeaders></TransportHeaderInstructions></OperationImplementation><OperationImplementation InterfaceName="ns14:Box_API_Hook" LastUpdated="1425876443543" OperationName="DELETE__task_assignments__id_" xmlns:ns14="https://api.box.com/2.0/hook"><Process/><BindingHeaderInstructions><PreserveBindingHeaders>true</PreserveBindingHeaders></BindingHeaderInstructions><TransportHeaderInstructions><PreserveTransportHeaders>true</PreserveTransportHeaders></TransportHeaderInstructions></OperationImplementation><OperationImplementation InterfaceName="ns14:Box_API_Hook" LastUpdated="1425876443582" OperationName="DELETE__tasks__id_" xmlns:ns14="https://api.box.com/2.0/hook"><Process/><BindingHeaderInstructions><PreserveBindingHeaders>true</PreserveBindingHeaders></BindingHeaderInstructions><TransportHeaderInstructions><PreserveTransportHeaders>true</PreserveTransportHeaders></TransportHeaderInstructions></OperationImplementation><OperationImplementation InterfaceName="ns14:Box_API_Hook" LastUpdated="1425876443621" OperationName="DELETE__users__id_" xmlns:ns14="https://api.box.com/2.0/hook"><Process/><BindingHeaderInstructions><PreserveBindingHeaders>true</PreserveBindingHeaders></BindingHeaderInstructions><TransportHeaderInstructions><PreserveTransportHeaders>true</PreserveTransportHeaders></TransportHeaderInstructions></OperationImplementation><OperationImplementation InterfaceName="ns14:Box_API_Hook" LastUpdated="1425876443660" OperationName="DELETE__users__id__email_aliases__email_alias_id_" xmlns:ns14="https://api.box.com/2.0/hook"><Process/><BindingHeaderInstructions><PreserveBindingHeaders>true</PreserveBindingHeaders></BindingHeaderInstructions><TransportHeaderInstructions><PreserveTransportHeaders>true</PreserveTransportHeaders></TransportHeaderInstructions></OperationImplementation><OperationImplementation InterfaceName="ns14:Box_API_Hook" LastUpdated="1425876443705" OperationName="GET__collaborations__id_" xmlns:ns14="https://api.box.com/2.0/hook"><Process/><BindingHeaderInstructions><PreserveBindingHeaders>true</PreserveBindingHeaders></BindingHeaderInstructions><TransportHeaderInstructions><PreserveTransportHeaders>true</PreserveTransportHeaders></TransportHeaderInstructions></OperationImplementation><OperationImplementation InterfaceName="ns14:Box_API_Hook" LastUpdated="1425876443747" OperationName="GET__comments__comment_id_" xmlns:ns14="https://api.box.com/2.0/hook"><Process/><BindingHeaderInstructions><PreserveBindingHeaders>true</PreserveBindingHeaders></BindingHeaderInstructions><TransportHeaderInstructions><PreserveTransportHeaders>true</PreserveTransportHeaders></TransportHeaderInstructions></OperationImplementation><OperationImplementation InterfaceName="ns14:Box_API_Hook" LastUpdated="1425876443789" OperationName="GET__events" xmlns:ns14="https://api.box.com/2.0/hook"><Process/><BindingHeaderInstructions><PreserveBindingHeaders>true</PreserveBindingHeaders></BindingHeaderInstructions><TransportHeaderInstructions><PreserveTransportHeaders>true</PreserveTransportHeaders></TransportHeaderInstructions></OperationImplementation><OperationImplementation InterfaceName="ns14:Box_API_Hook" LastUpdated="1425876443834" OperationName="GET__files__id_" xmlns:ns14="https://api.box.com/2.0/hook"><Process/><BindingHeaderInstructions><PreserveBindingHeaders>true</PreserveBindingHeaders></BindingHeaderInstructions><TransportHeaderInstructions><PreserveTransportHeaders>true</PreserveTransportHeaders></TransportHeaderInstructions></OperationImplementation><OperationImplementation InterfaceName="ns14:Box_API_Hook" LastUpdated="1425876443876" OperationName="GET__files__id___thumbnail_file_name_" xmlns:ns14="https://api.box.com/2.0/hook"><Process/><BindingHeaderInstructions><PreserveBindingHeaders>true</PreserveBindingHeaders></BindingHeaderInstructions><TransportHeaderInstructions><PreserveTransportHeaders>true</PreserveTransportHeaders></TransportHeaderInstructions></OperationImplementation><OperationImplementation InterfaceName="ns14:Box_API_Hook" LastUpdated="1425876443918" OperationName="GET__files__id__comments" xmlns:ns14="https://api.box.com/2.0/hook"><Process/><BindingHeaderInstructions><PreserveBindingHeaders>true</PreserveBindingHeaders></BindingHeaderInstructions><TransportHeaderInstructions><PreserveTransportHeaders>true</PreserveTransportHeaders></TransportHeaderInstructions></OperationImplementation><OperationImplementation InterfaceName="ns14:Box_API_Hook" LastUpdated="1425876443962" OperationName="GET__files__id__content" xmlns:ns14="https://api.box.com/2.0/hook"><Process/><BindingHeaderInstructions><PreserveBindingHeaders>true</PreserveBindingHeaders></BindingHeaderInstructions><TransportHeaderInstructions><PreserveTransportHeaders>true</PreserveTransportHeaders></TransportHeaderInstructions></OperationImplementation><OperationImplementation InterfaceName="ns14:Box_API_Hook" LastUpdated="1425876444002" OperationName="GET__files__id__tasks" xmlns:ns14="https://api.box.com/2.0/hook"><Process/><BindingHeaderInstructions><PreserveBindingHeaders>true</PreserveBindingHeaders></BindingHeaderInstructions><TransportHeaderInstructions><PreserveTransportHeaders>true</PreserveTransportHeaders></TransportHeaderInstructions></OperationImplementation><OperationImplementation InterfaceName="ns14:Box_API_Hook" LastUpdated="1425876444045" OperationName="GET__files__id__trash" xmlns:ns14="https://api.box.com/2.0/hook"><Process/><BindingHeaderInstructions><PreserveBindingHeaders>true</PreserveBindingHeaders></BindingHeaderInstructions><TransportHeaderInstructions><PreserveTransportHeaders>true</PreserveTransportHeaders></TransportHeaderInstructions></OperationImplementation><OperationImplementation InterfaceName="ns14:Box_API_Hook" LastUpdated="1425876444095" OperationName="GET__files__id__versions" xmlns:ns14="https://api.box.com/2.0/hook"><Process/><BindingHeaderInstructions><PreserveBindingHeaders>true</PreserveBindingHeaders></BindingHeaderInstructions><TransportHeaderInstructions><PreserveTransportHeaders>true</PreserveTransportHeaders></TransportHeaderInstructions></OperationImplementation><OperationImplementation InterfaceName="ns14:Box_API_Hook" LastUpdated="1425876444140" OperationName="GET__folders__id_" xmlns:ns14="https://api.box.com/2.0/hook"><Process/><BindingHeaderInstructions><PreserveBindingHeaders>true</PreserveBindingHeaders></BindingHeaderInstructions><TransportHeaderInstructions><PreserveTransportHeaders>true</PreserveTransportHeaders></TransportHeaderInstructions></OperationImplementation><OperationImplementation InterfaceName="ns14:Box_API_Hook" LastUpdated="1425876444182" OperationName="GET__folders__id__collaborations" xmlns:ns14="https://api.box.com/2.0/hook"><Process/><BindingHeaderInstructions><PreserveBindingHeaders>true</PreserveBindingHeaders></BindingHeaderInstructions><TransportHeaderInstructions><PreserveTransportHeaders>true</PreserveTransportHeaders></TransportHeaderInstructions></OperationImplementation><OperationImplementation InterfaceName="ns14:Box_API_Hook" LastUpdated="1425876444222" OperationName="GET__folders__id__item" xmlns:ns14="https://api.box.com/2.0/hook"><Process/><BindingHeaderInstructions><PreserveBindingHeaders>true</PreserveBindingHeaders></BindingHeaderInstructions><TransportHeaderInstructions><PreserveTransportHeaders>true</PreserveTransportHeaders></TransportHeaderInstructions></OperationImplementation><OperationImplementation InterfaceName="ns14:Box_API_Hook" LastUpdated="1425876444283" OperationName="GET__folders__id__trash" xmlns:ns14="https://api.box.com/2.0/hook"><Process/><BindingHeaderInstructions><PreserveBindingHeaders>true</PreserveBindingHeaders></BindingHeaderInstructions><TransportHeaderInstructions><PreserveTransportHeaders>true</PreserveTransportHeaders></TransportHeaderInstructions></OperationImplementation><OperationImplementation InterfaceName="ns14:Box_API_Hook" LastUpdated="1425876444324" OperationName="GET__folders_trash_items" xmlns:ns14="https://api.box.com/2.0/hook"><Process/><BindingHeaderInstructions><PreserveBindingHeaders>true</PreserveBindingHeaders></BindingHeaderInstructions><TransportHeaderInstructions><PreserveTransportHeaders>true</PreserveTransportHeaders></TransportHeaderInstructions></OperationImplementation><OperationImplementation InterfaceName="ns14:Box_API_Hook" LastUpdated="1425876444370" OperationName="GET__group_memberships__id_" xmlns:ns14="https://api.box.com/2.0/hook"><Process/><BindingHeaderInstructions><PreserveBindingHeaders>true</PreserveBindingHeaders></BindingHeaderInstructions><TransportHeaderInstructions><PreserveTransportHeaders>true</PreserveTransportHeaders></TransportHeaderInstructions></OperationImplementation><OperationImplementation InterfaceName="ns14:Box_API_Hook" LastUpdated="1425876444409" OperationName="GET__group_memberships__id__collaborations" xmlns:ns14="https://api.box.com/2.0/hook"><Process/><BindingHeaderInstructions><PreserveBindingHeaders>true</PreserveBindingHeaders></BindingHeaderInstructions><TransportHeaderInstructions><PreserveTransportHeaders>true</PreserveTransportHeaders></TransportHeaderInstructions></OperationImplementation><OperationImplementation InterfaceName="ns14:Box_API_Hook" LastUpdated="1425876444453" OperationName="GET__groups" xmlns:ns14="https://api.box.com/2.0/hook"><Process/><BindingHeaderInstructions><PreserveBindingHeaders>true</PreserveBindingHeaders></BindingHeaderInstructions><TransportHeaderInstructions><PreserveTransportHeaders>true</PreserveTransportHeaders></TransportHeaderInstructions></OperationImplementation><OperationImplementation InterfaceName="ns14:Box_API_Hook" LastUpdated="1425876444492" OperationName="GET__groups__id__memberships" xmlns:ns14="https://api.box.com/2.0/hook"><Process/><BindingHeaderInstructions><PreserveBindingHeaders>true</PreserveBindingHeaders></BindingHeaderInstructions><TransportHeaderInstructions><PreserveTransportHeaders>true</PreserveTransportHeaders></TransportHeaderInstructions></OperationImplementation><OperationImplementation InterfaceName="ns14:Box_API_Hook" LastUpdated="1425876712608" OperationName="GET__search" xmlns:ns14="https://api.box.com/2.0/hook"><Process/><BindingHeaderInstructions><PreserveBindingHeaders>true</PreserveBindingHeaders></BindingHeaderInstructions><TransportHeaderInstructions><PreserveTransportHeaders>true</PreserveTransportHeaders></TransportHeaderInstructions></OperationImplementation><OperationImplementation InterfaceName="ns14:Box_API_Hook" LastUpdated="1425876444574" OperationName="GET__shared_items" xmlns:ns14="https://api.box.com/2.0/hook"><Process/><BindingHeaderInstructions><PreserveBindingHeaders>true</PreserveBindingHeaders></BindingHeaderInstructions><TransportHeaderInstructions><PreserveTransportHeaders>true</PreserveTransportHeaders></TransportHeaderInstructions></OperationImplementation><OperationImplementation InterfaceName="ns14:Box_API_Hook" LastUpdated="1425876444613" OperationName="GET__task_assignments__id_" xmlns:ns14="https://api.box.com/2.0/hook"><Process/><BindingHeaderInstructions><PreserveBindingHeaders>true</PreserveBindingHeaders></BindingHeaderInstructions><TransportHeaderInstructions><PreserveTransportHeaders>true</PreserveTransportHeaders></TransportHeaderInstructions></OperationImplementation><OperationImplementation InterfaceName="ns14:Box_API_Hook" LastUpdated="1425876444654" OperationName="GET__tasks__id_" xmlns:ns14="https://api.box.com/2.0/hook"><Process/><BindingHeaderInstructions><PreserveBindingHeaders>true</PreserveBindingHeaders></BindingHeaderInstructions><TransportHeaderInstructions><PreserveTransportHeaders>true</PreserveTransportHeaders></TransportHeaderInstructions></OperationImplementation><OperationImplementation InterfaceName="ns14:Box_API_Hook" LastUpdated="1425876444697" OperationName="GET__tasks__id__assignments" xmlns:ns14="https://api.box.com/2.0/hook"><Process/><BindingHeaderInstructions><PreserveBindingHeaders>true</PreserveBindingHeaders></BindingHeaderInstructions><TransportHeaderInstructions><PreserveTransportHeaders>true</PreserveTransportHeaders></TransportHeaderInstructions></OperationImplementation><OperationImplementation InterfaceName="ns14:Box_API_Hook" LastUpdated="1425876444750" OperationName="GET__users" xmlns:ns14="https://api.box.com/2.0/hook"><Process/><BindingHeaderInstructions><PreserveBindingHeaders>true</PreserveBindingHeaders></BindingHeaderInstructions><TransportHeaderInstructions><PreserveTransportHeaders>true</PreserveTransportHeaders></TransportHeaderInstructions></OperationImplementation><OperationImplementation InterfaceName="ns14:Box_API_Hook" LastUpdated="1425876444789" OperationName="GET__users__id__email_aliases" xmlns:ns14="https://api.box.com/2.0/hook"><Process/><BindingHeaderInstructions><PreserveBindingHeaders>true</PreserveBindingHeaders></BindingHeaderInstructions><TransportHeaderInstructions><PreserveTransportHeaders>true</PreserveTransportHeaders></TransportHeaderInstructions></OperationImplementation><OperationImplementation InterfaceName="ns14:Box_API_Hook" LastUpdated="1425876444832" OperationName="GET__users__id__memberships" xmlns:ns14="https://api.box.com/2.0/hook"><Process/><BindingHeaderInstructions><PreserveBindingHeaders>true</PreserveBindingHeaders></BindingHeaderInstructions><TransportHeaderInstructions><PreserveTransportHeaders>true</PreserveTransportHeaders></TransportHeaderInstructions></OperationImplementation><OperationImplementation InterfaceName="ns14:Box_API_Hook" LastUpdated="1425876444873" OperationName="GET__users_me" xmlns:ns14="https://api.box.com/2.0/hook"><Process/><BindingHeaderInstructions><PreserveBindingHeaders>true</PreserveBindingHeaders></BindingHeaderInstructions><TransportHeaderInstructions><PreserveTransportHeaders>true</PreserveTransportHeaders></TransportHeaderInstructions></OperationImplementation><OperationImplementation InterfaceName="ns14:Box_API_Hook" LastUpdated="1425876444920" OperationName="POST__collaborations" xmlns:ns14="https://api.box.com/2.0/hook"><Process/><BindingHeaderInstructions><PreserveBindingHeaders>true</PreserveBindingHeaders></BindingHeaderInstructions><TransportHeaderInstructions><PreserveTransportHeaders>true</PreserveTransportHeaders></TransportHeaderInstructions></OperationImplementation><OperationImplementation InterfaceName="ns14:Box_API_Hook" LastUpdated="1425876444965" OperationName="POST__comments" xmlns:ns14="https://api.box.com/2.0/hook"><Process/><BindingHeaderInstructions><PreserveBindingHeaders>true</PreserveBindingHeaders></BindingHeaderInstructions><TransportHeaderInstructions><PreserveTransportHeaders>true</PreserveTransportHeaders></TransportHeaderInstructions></OperationImplementation><OperationImplementation InterfaceName="ns14:Box_API_Hook" LastUpdated="1425876445038" OperationName="POST__files__id_" xmlns:ns14="https://api.box.com/2.0/hook"><Process/><BindingHeaderInstructions><PreserveBindingHeaders>true</PreserveBindingHeaders></BindingHeaderInstructions><TransportHeaderInstructions><PreserveTransportHeaders>true</PreserveTransportHeaders></TransportHeaderInstructions></OperationImplementation><OperationImplementation InterfaceName="ns14:Box_API_Hook" LastUpdated="1425876445089" OperationName="POST__files__id__copy" xmlns:ns14="https://api.box.com/2.0/hook"><Process/><BindingHeaderInstructions><PreserveBindingHeaders>true</PreserveBindingHeaders></BindingHeaderInstructions><TransportHeaderInstructions><PreserveTransportHeaders>true</PreserveTransportHeaders></TransportHeaderInstructions></OperationImplementation><OperationImplementation InterfaceName="ns14:Box_API_Hook" LastUpdated="1425876445131" OperationName="POST__files__id__versions_current" xmlns:ns14="https://api.box.com/2.0/hook"><Process/><BindingHeaderInstructions><PreserveBindingHeaders>true</PreserveBindingHeaders></BindingHeaderInstructions><TransportHeaderInstructions><PreserveTransportHeaders>true</PreserveTransportHeaders></TransportHeaderInstructions></OperationImplementation><OperationImplementation InterfaceName="ns14:Box_API_Hook" LastUpdated="1425876445170" OperationName="POST__files_content" xmlns:ns14="https://api.box.com/2.0/hook"><Process/><BindingHeaderInstructions><PreserveBindingHeaders>true</PreserveBindingHeaders></BindingHeaderInstructions><TransportHeaderInstructions><PreserveTransportHeaders>true</PreserveTransportHeaders></TransportHeaderInstructions></OperationImplementation><OperationImplementation InterfaceName="ns14:Box_API_Hook" LastUpdated="1425876445212" OperationName="POST__folders" xmlns:ns14="https://api.box.com/2.0/hook"><Process/><BindingHeaderInstructions><PreserveBindingHeaders>true</PreserveBindingHeaders></BindingHeaderInstructions><TransportHeaderInstructions><PreserveTransportHeaders>true</PreserveTransportHeaders></TransportHeaderInstructions></OperationImplementation><OperationImplementation InterfaceName="ns14:Box_API_Hook" LastUpdated="1425876445251" OperationName="POST__folders__id_" xmlns:ns14="https://api.box.com/2.0/hook"><Process/><BindingHeaderInstructions><PreserveBindingHeaders>true</PreserveBindingHeaders></BindingHeaderInstructions><TransportHeaderInstructions><PreserveTransportHeaders>true</PreserveTransportHeaders></TransportHeaderInstructions></OperationImplementation><OperationImplementation InterfaceName="ns14:Box_API_Hook" LastUpdated="1425876445340" OperationName="POST__folders__id__copy" xmlns:ns14="https://api.box.com/2.0/hook"><Process/><BindingHeaderInstructions><PreserveBindingHeaders>true</PreserveBindingHeaders></BindingHeaderInstructions><TransportHeaderInstructions><PreserveTransportHeaders>true</PreserveTransportHeaders></TransportHeaderInstructions></OperationImplementation><OperationImplementation InterfaceName="ns14:Box_API_Hook" LastUpdated="1425876445378" OperationName="POST__group_memberships" xmlns:ns14="https://api.box.com/2.0/hook"><Process/><BindingHeaderInstructions><PreserveBindingHeaders>true</PreserveBindingHeaders></BindingHeaderInstructions><TransportHeaderInstructions><PreserveTransportHeaders>true</PreserveTransportHeaders></TransportHeaderInstructions></OperationImplementation><OperationImplementation InterfaceName="ns14:Box_API_Hook" LastUpdated="1425876445417" OperationName="POST__group_memberships__id_" xmlns:ns14="https://api.box.com/2.0/hook"><Process/><BindingHeaderInstructions><PreserveBindingHeaders>true</PreserveBindingHeaders></BindingHeaderInstructions><TransportHeaderInstructions><PreserveTransportHeaders>true</PreserveTransportHeaders></TransportHeaderInstructions></OperationImplementation><OperationImplementation InterfaceName="ns14:Box_API_Hook" LastUpdated="1425876445459" OperationName="POST__groups" xmlns:ns14="https://api.box.com/2.0/hook"><Process/><BindingHeaderInstructions><PreserveBindingHeaders>true</PreserveBindingHeaders></BindingHeaderInstructions><TransportHeaderInstructions><PreserveTransportHeaders>true</PreserveTransportHeaders></TransportHeaderInstructions></OperationImplementation><OperationImplementation InterfaceName="ns14:Box_API_Hook" LastUpdated="1425876445505" OperationName="POST__task_assignments" xmlns:ns14="https://api.box.com/2.0/hook"><Process/><BindingHeaderInstructions><PreserveBindingHeaders>true</PreserveBindingHeaders></BindingHeaderInstructions><TransportHeaderInstructions><PreserveTransportHeaders>true</PreserveTransportHeaders></TransportHeaderInstructions></OperationImplementation><OperationImplementation InterfaceName="ns14:Box_API_Hook" LastUpdated="1425876445548" OperationName="POST__tasks" xmlns:ns14="https://api.box.com/2.0/hook"><Process/><BindingHeaderInstructions><PreserveBindingHeaders>true</PreserveBindingHeaders></BindingHeaderInstructions><TransportHeaderInstructions><PreserveTransportHeaders>true</PreserveTransportHeaders></TransportHeaderInstructions></OperationImplementation><OperationImplementation InterfaceName="ns14:Box_API_Hook" LastUpdated="1425876445598" OperationName="POST__users" xmlns:ns14="https://api.box.com/2.0/hook"><Process/><BindingHeaderInstructions><PreserveBindingHeaders>true</PreserveBindingHeaders></BindingHeaderInstructions><TransportHeaderInstructions><PreserveTransportHeaders>true</PreserveTransportHeaders></TransportHeaderInstructions></OperationImplementation><OperationImplementation InterfaceName="ns14:Box_API_Hook" LastUpdated="1425876445647" OperationName="POST__users__id__email_aliases" xmlns:ns14="https://api.box.com/2.0/hook"><Process/><BindingHeaderInstructions><PreserveBindingHeaders>true</PreserveBindingHeaders></BindingHeaderInstructions><TransportHeaderInstructions><PreserveTransportHeaders>true</PreserveTransportHeaders></TransportHeaderInstructions></OperationImplementation><OperationImplementation InterfaceName="ns14:Box_API_Hook" LastUpdated="1425876445691" OperationName="PUT__collaborations__id_" xmlns:ns14="https://api.box.com/2.0/hook"><Process/><BindingHeaderInstructions><PreserveBindingHeaders>true</PreserveBindingHeaders></BindingHeaderInstructions><TransportHeaderInstructions><PreserveTransportHeaders>true</PreserveTransportHeaders></TransportHeaderInstructions></OperationImplementation><OperationImplementation InterfaceName="ns14:Box_API_Hook" LastUpdated="1425876445732" OperationName="PUT__comments__comment_id_" xmlns:ns14="https://api.box.com/2.0/hook"><Process/><BindingHeaderInstructions><PreserveBindingHeaders>true</PreserveBindingHeaders></BindingHeaderInstructions><TransportHeaderInstructions><PreserveTransportHeaders>true</PreserveTransportHeaders></TransportHeaderInstructions></OperationImplementation><OperationImplementation InterfaceName="ns14:Box_API_Hook" LastUpdated="1425876445775" OperationName="PUT__files__id_" xmlns:ns14="https://api.box.com/2.0/hook"><Process/><BindingHeaderInstructions><PreserveBindingHeaders>true</PreserveBindingHeaders></BindingHeaderInstructions><TransportHeaderInstructions><PreserveTransportHeaders>true</PreserveTransportHeaders></TransportHeaderInstructions></OperationImplementation><OperationImplementation InterfaceName="ns14:Box_API_Hook" LastUpdated="1425876445814" OperationName="PUT__folders__id_" xmlns:ns14="https://api.box.com/2.0/hook"><Process/><BindingHeaderInstructions><PreserveBindingHeaders>true</PreserveBindingHeaders></BindingHeaderInstructions><TransportHeaderInstructions><PreserveTransportHeaders>true</PreserveTransportHeaders></TransportHeaderInstructions></OperationImplementation><OperationImplementation InterfaceName="ns14:Box_API_Hook" LastUpdated="1425876445859" OperationName="PUT__groups__id_" xmlns:ns14="https://api.box.com/2.0/hook"><Process/><BindingHeaderInstructions><PreserveBindingHeaders>true</PreserveBindingHeaders></BindingHeaderInstructions><TransportHeaderInstructions><PreserveTransportHeaders>true</PreserveTransportHeaders></TransportHeaderInstructions></OperationImplementation><OperationImplementation InterfaceName="ns14:Box_API_Hook" LastUpdated="1425876445902" OperationName="PUT__task_assignments__id_" xmlns:ns14="https://api.box.com/2.0/hook"><Process/><BindingHeaderInstructions><PreserveBindingHeaders>true</PreserveBindingHeaders></BindingHeaderInstructions><TransportHeaderInstructions><PreserveTransportHeaders>true</PreserveTransportHeaders></TransportHeaderInstructions></OperationImplementation><OperationImplementation InterfaceName="ns14:Box_API_Hook" LastUpdated="1425876445946" OperationName="PUT__tasks__id_" xmlns:ns14="https://api.box.com/2.0/hook"><Process/><BindingHeaderInstructions><PreserveBindingHeaders>true</PreserveBindingHeaders></BindingHeaderInstructions><TransportHeaderInstructions><PreserveTransportHeaders>true</PreserveTransportHeaders></TransportHeaderInstructions></OperationImplementation><OperationImplementation InterfaceName="ns14:Box_API_Hook" LastUpdated="1425876445988" OperationName="PUT__users__id_" xmlns:ns14="https://api.box.com/2.0/hook"><Process/><BindingHeaderInstructions><PreserveBindingHeaders>true</PreserveBindingHeaders></BindingHeaderInstructions><TransportHeaderInstructions><PreserveTransportHeaders>true</PreserveTransportHeaders></TransportHeaderInstructions></OperationImplementation><OperationImplementation InterfaceName="ns14:Box_API_Hook" LastUpdated="1425876446036" OperationName="PUT__users__id__folders__folder_id_" xmlns:ns14="https://api.box.com/2.0/hook"><Process/><BindingHeaderInstructions><PreserveBindingHeaders>true</PreserveBindingHeaders></BindingHeaderInstructions><TransportHeaderInstructions><PreserveTransportHeaders>true</PreserveTransportHeaders></TransportHeaderInstructions></OperationImplementation></VirtualServiceConfiguration>