<?xml version="1.0" encoding="UTF-8"?>
<process name="GET__users" ns2:processKey="bpel:b1cfd8df-c61c-11e4-8ee9-d0db1b3a73d5" targetNamespace="https://api.box.com/2.0/hook" xmlns="http://schemas.xmlsoap.org/ws/2003/03/business-process/" xmlns:ns10="http://soa.com/capabilities/service/virtualization/bpel/activity" xmlns:ns2="http://soa.com/bpel/ext" xmlns:ns3="http://soa.com/capabilities/service/virtualization/bpel" xmlns:ns4="http://schemas.xmlsoap.org/ws/2006/02/addressingidentity" xmlns:ns5="http://www.w3.org/2000/09/xmldsig#" xmlns:ns6="http://docs.oasis-open.org/wss/2004/01/oasis-200401-wss-wssecurity-secext-1.0.xsd" xmlns:ns7="http://docs.oasis-open.org/wss/2004/01/oasis-200401-wss-wssecurity-utility-1.0.xsd" xmlns:ns8="http://schemas.xmlsoap.org/ws/2004/09/mex" xmlns:ns9="http://schemas.xmlsoap.org/ws/2003/05/partner-link/"><ns9:partnerLinkType name="Box_API_HookProvider"><ns9:role name="Provider"><ns9:portType name="ns11:Box_API_Hook" xmlns:ns11="https://api.box.com/2.0/hook"/></ns9:role></ns9:partnerLinkType><ns9:partnerLinkType name="Box_Content_API_PortTypeConsumer"><ns9:role name="Consumer"><ns9:portType name="ns11:Box_Content_API_PortType" xmlns:ns11="https://api.box.com/2.0"/></ns9:role></ns9:partnerLinkType><partnerLinks><partnerLink myRole="Provider" name="initial" partnerLinkType="ns11:Box_API_HookProvider" xmlns:ns11="https://api.box.com/2.0/hook"/><partnerLink myRole="Consumer" name="Box_Content_API_PortTypePartnerLink" partnerLinkType="ns11:Box_Content_API_PortTypeConsumer" xmlns:ns11="https://api.box.com/2.0/hook"/></partnerLinks><variables><variable messageType="ns11:ActivityMessage" name="message" xmlns:ns11="http://soa.com/process/activity"/><variable messageType="ns11:ActivityMessage" name="fault" xmlns:ns11="http://soa.com/process/activity"/></variables><faultHandlers><catchAll><sequence><reply faultName="ns2:ExistingFault" name="FaultReply" operation="GET__users" partnerLink="initial" portType="ns11:Box_API_Hook" variable="fault" xmlns:ns11="https://api.box.com/2.0/hook"/></sequence></catchAll></faultHandlers><sequence><receive createInstance="yes" name="Receive" operation="GET__users" partnerLink="initial" portType="ns11:Box_API_Hook" variable="message" xmlns:ns11="https://api.box.com/2.0/hook"/><invoke inputVariable="message" name="Invoke1" operation="GET__users" outputVariable="message" partnerLink="Box_Content_API_PortTypePartnerLink" portType="ns11:Box_Content_API_PortType" xmlns:ns11="https://api.box.com/2.0"><ns2:InvocationExt service="ns12:Box_Content_API" xmlns:ns12="https://api.box.com/2.0/hook"><ns2:Audit/></ns2:InvocationExt></invoke><reply name="Reply" operation="GET__users" partnerLink="initial" portType="ns11:Box_API_Hook" variable="message" xmlns:ns11="https://api.box.com/2.0/hook"/></sequence></process>