<?xml version="1.0" encoding="UTF-8"?>
<ActivityGraph xmlns="http://soa.com/uri/products/activity/graph/xsd/1.0"><PositionElements><Position ActivityName="Receive"><XPosition>80</XPosition><YPosition>70</YPosition></Position><Position ActivityName="ConfigureSmartyStreet"><XPosition>200</XPosition><YPosition>40</YPosition></Position><Position ActivityName="ValidateAddress"><XPosition>360</XPosition><YPosition>40</YPosition></Position><Position ActivityName="Branch1"><XPosition>380</XPosition><YPosition>170</YPosition></Position><Position ActivityName="ConfigureMailGunValidate"><XPosition>370</XPosition><YPosition>280</YPosition></Position><Position ActivityName="validateEmail"><XPosition>520</XPosition><YPosition>280</YPosition></Position><Position ActivityName="Branch2"><XPosition>530</XPosition><YPosition>390</YPosition></Position><Position ActivityName="PostLeadToSF"><XPosition>520</XPosition><YPosition>510</YPosition></Position><Position ActivityName="AddToEmailList"><XPosition>680</XPosition><YPosition>510</YPosition></Position><Position ActivityName="AddToBoxLeads"><XPosition>810</XPosition><YPosition>510</YPosition></Position><Position ActivityName="InsertSuccess"><XPosition>920</XPosition><YPosition>510</YPosition></Position><Position ActivityName="Reply2"><XPosition>1030</XPosition><YPosition>520</YPosition></Position><Position ActivityName="PostInvalidEmailToMongo"><XPosition>670</XPosition><YPosition>390</YPosition></Position><Position ActivityName="SetInvalidEmailMsg"><XPosition>790</XPosition><YPosition>390</YPosition></Position><Position ActivityName="Reply1"><XPosition>950</XPosition><YPosition>400</YPosition></Position><Position ActivityName="PostInvalidToMongo"><XPosition>520</XPosition><YPosition>170</YPosition></Position><Position ActivityName="SetInvalidAddrMsg"><XPosition>680</XPosition><YPosition>170</YPosition></Position><Position ActivityName="Reply"><XPosition>850</XPosition><YPosition>180</YPosition></Position></PositionElements></ActivityGraph>