<?xml version="1.0" encoding="UTF-8"?>
<ActivityGraph xmlns="http://soa.com/uri/products/activity/graph/xsd/1.0"><PositionElements><Position ActivityName="AuthenticateSalesForce"><XPosition>120</XPosition><YPosition>150</YPosition></Position><Position ActivityName="ConfigMsg"><XPosition>290</XPosition><YPosition>150</YPosition></Position><Position ActivityName="PostLeadToSF"><XPosition>430</XPosition><YPosition>150</YPosition></Position><Position ActivityName="ExtractSaleForceId"><XPosition>580</XPosition><YPosition>150</YPosition></Position></PositionElements></ActivityGraph>