<?xml version="1.0" encoding="UTF-8"?>
<ActivityGraph xmlns="http://soa.com/uri/products/activity/graph/xsd/1.0"><PositionElements><Position ActivityName="AppendToTempFile"><XPosition>180</XPosition><YPosition>160</YPosition></Position><Position ActivityName="ReadFileBackForUpload"><XPosition>290</XPosition><YPosition>160</YPosition></Position><Position ActivityName="ConfigMsg"><XPosition>400</XPosition><YPosition>160</YPosition></Position><Position ActivityName="PostLead"><XPosition>510</XPosition><YPosition>160</YPosition></Position></PositionElements></ActivityGraph>