<?xml version="1.0" encoding="UTF-8"?>
<ActivityGraph xmlns="http://soa.com/uri/products/activity/graph/xsd/1.0"><PositionElements><Position ActivityName="Initialize Bearer Token"><XPosition>90</XPosition><YPosition>100</YPosition></Position><Position ActivityName="Create Search Request"><XPosition>210</XPosition><YPosition>100</YPosition></Position><Position ActivityName="Make Box Search"><XPosition>320</XPosition><YPosition>100</YPosition></Position><Position ActivityName="Save Search Result"><XPosition>430</XPosition><YPosition>100</YPosition></Position><Position ActivityName="Branch1"><XPosition>540</XPosition><YPosition>100</YPosition></Position><Position ActivityName="ConfigFileSearch"><XPosition>680</XPosition><YPosition>50</YPosition></Position><Position ActivityName="SearchforFile"><XPosition>780</XPosition><YPosition>50</YPosition></Position><Position ActivityName="SaveResult"><XPosition>880</XPosition><YPosition>50</YPosition></Position><Position ActivityName="Branch3"><XPosition>990</XPosition><YPosition>50</YPosition></Position><Position ActivityName="UploadLeadFile"><XPosition>1140</XPosition><YPosition>10</YPosition></Position><Position ActivityName="configureDelete"><XPosition>1130</XPosition><YPosition>150</YPosition></Position><Position ActivityName="DeleteFile"><XPosition>1250</XPosition><YPosition>150</YPosition></Position><Position ActivityName="SaveDeleteResult"><XPosition>1370</XPosition><YPosition>150</YPosition></Position><Position ActivityName="Branch4"><XPosition>1470</XPosition><YPosition>150</YPosition></Position><Position ActivityName="UploadLeadFile3"><XPosition>1620</XPosition><YPosition>240</YPosition></Position><Position ActivityName="end"><XPosition>1620</XPosition><YPosition>40</YPosition></Position><Position ActivityName="Create the Box Folder Request"><XPosition>620</XPosition><YPosition>370</YPosition></Position><Position ActivityName="CreateBoxFolder"><XPosition>740</XPosition><YPosition>370</YPosition></Position><Position ActivityName="Save Create Result"><XPosition>840</XPosition><YPosition>370</YPosition></Position><Position ActivityName="Branch2"><XPosition>950</XPosition><YPosition>370</YPosition></Position><Position ActivityName="UploadLeadFile2"><XPosition>1060</XPosition><YPosition>270</YPosition></Position><Position ActivityName="FileCreationFailed"><XPosition>1060</XPosition><YPosition>440</YPosition></Position></PositionElements></ActivityGraph>