<?xml version="1.0" encoding="UTF-8"?>
<process name="POST__leads" ns2:processKey="bpel:bf1a3a40-8a3e-11e4-b5c8-fd5ef4f56435" targetNamespace="http://www.soa.com/trialleads" xmlns="http://schemas.xmlsoap.org/ws/2003/03/business-process/" xmlns:ns10="http://soa.com/capabilities/service/virtualization/bpel/activity" xmlns:ns2="http://soa.com/bpel/ext" xmlns:ns3="http://soa.com/capabilities/service/virtualization/bpel" xmlns:ns4="http://schemas.xmlsoap.org/ws/2004/09/mex" xmlns:ns5="http://schemas.xmlsoap.org/ws/2006/02/addressingidentity" xmlns:ns6="http://www.w3.org/2000/09/xmldsig#" xmlns:ns7="http://docs.oasis-open.org/wss/2004/01/oasis-200401-wss-wssecurity-secext-1.0.xsd" xmlns:ns8="http://docs.oasis-open.org/wss/2004/01/oasis-200401-wss-wssecurity-utility-1.0.xsd" xmlns:ns9="http://schemas.xmlsoap.org/ws/2003/05/partner-link/"><ns9:partnerLinkType name="TrialLeads_API_PortTypeProvider"><ns9:role name="Provider"><ns9:portType name="ns11:TrialLeads_API_PortType" xmlns:ns11="http://www.soa.com/trialleads"/></ns9:role></ns9:partnerLinkType><ns9:partnerLinkType name="ActivityPortTypeConsumer"><ns9:role name="Consumer"><ns9:portType name="ns10:ActivityPortType"/></ns9:role></ns9:partnerLinkType><ns10:Activities><ns10:Activity ActivityType="ns11:ScriptedActivity" LastUpdated="1421028091932" Name="ConfigureSmartyStreet" xmlns:ns11="http://soa.com/uri/products/activity/script/xsd/1.0"><ns2:ScriptedActivity xmlns="http://soa.com/uri/products/activity/audit/xsd/1.0" xmlns:ns2="http://soa.com/uri/products/activity/script/xsd/1.0" xmlns:ns3="http://soa.com/uri/products/activity/stripxml/xsd/1.0" xmlns:ns4="http://soa.com/uri/products/activity/xform/xsd/1.0" xmlns:ns5="http://soa.com/uri/products/activity/process/xsd/1.0" xmlns:ns6="http://soa.com/uri/products/activity/insertxml/xsd/1.0" xmlns:ns7="http://soa.com/uri/products/activity/insertcontent/xsd/1.0" xmlns:ns8="http://schemas.xmlsoap.org/ws/2004/09/mex"><ns2:Language>js</ns2:Language><ns2:Script>importClass(com.digev.fw.log.Log);

var log = com.digev.fw.log.Log.getLog("PostLeadToBox");


log.debug("Start Configure SmartStreet");

//Create message for invoke
var smartmessage =  msgFactory.create("application/json");

//Get current message
var msg = processContext.getVariable("message");


//Set Authentication For invoke
var newQueryString ="auth-id=5b8191ce-dad7-4b0f-bdda-70234ea1c773&amp;auth-token=dj7iq9FFGQhfpMoXqcAu";
//var newQueryString ="auth-id=6723aa52-979e-4408-a39e-0faf5982c10b&amp;auth-token=UbPFazbCOZ7TOt3LdMcV";
smartmessage.setProperty("com.soa.message.TRANSPORT_QUERY", newQueryString)


//Set request body
var msgJSON = JSON.parse(msg.getContentAsString());
var lead='[{"street":"' + msgJSON.Street +'", "city": "' + msgJSON.City+'", "state": "'+msgJSON.State+'","zipcode": "'+ msgJSON.PostalCode+'","candidates": 10}]';

smartmessage.setStringContent(lead);


//set input message variable
processContext.setVariable("smartInput", smartmessage);

//store the lead details
log.debug("lead is: " +  msg.getContentAsString());
processContext.setVariable("lead", msg.getContentAsString());

log.debug("End Conifgure Smart Street");</ns2:Script></ns2:ScriptedActivity></ns10:Activity><ns10:Activity ActivityType="ns11:ScriptedActivity" LastUpdated="1421028091933" Name="ConfigureMailGunValidate" xmlns:ns11="http://soa.com/uri/products/activity/script/xsd/1.0"><ns2:ScriptedActivity xmlns="http://soa.com/uri/products/activity/audit/xsd/1.0" xmlns:ns2="http://soa.com/uri/products/activity/script/xsd/1.0" xmlns:ns3="http://soa.com/uri/products/activity/stripxml/xsd/1.0" xmlns:ns4="http://soa.com/uri/products/activity/xform/xsd/1.0" xmlns:ns5="http://soa.com/uri/products/activity/process/xsd/1.0" xmlns:ns6="http://soa.com/uri/products/activity/insertxml/xsd/1.0" xmlns:ns7="http://soa.com/uri/products/activity/insertcontent/xsd/1.0"><ns2:Language>js</ns2:Language><ns2:Script>auditLog.debug("Configure MailGun");

//Create the message for invoke
var validateEmailMessage = msgFactory.create("application/json");

//Get info out of current message to build query string
var msg= processContext.getVariable("message");
var msgJSON = JSON.parse(msg.getContentAsString());
var newQueryString = "address="+ msgJSON.Email + "&amp;api_key=pubkey-e2c7d7ffa55c378b43d980edf11b7591";

//Set new query string
validateEmailMessage.setProperty("com.soa.message.TRANSPORT_QUERY", newQueryString.toString())

//Set variable to next invokation
processContext.setVariable("validateEmailIn", validateEmailMessage);
</ns2:Script></ns2:ScriptedActivity></ns10:Activity><ns10:Activity ActivityType="ns11:ProcessActivity" LastUpdated="1421028091933" Name="PostLeadToSF" xmlns:ns11="http://soa.com/uri/products/activity/process/xsd/1.0"><ns5:ProcessActivity xmlns="http://soa.com/uri/products/activity/audit/xsd/1.0" xmlns:ns2="http://soa.com/uri/products/activity/script/xsd/1.0" xmlns:ns3="http://soa.com/uri/products/activity/stripxml/xsd/1.0" xmlns:ns4="http://soa.com/uri/products/activity/xform/xsd/1.0" xmlns:ns5="http://soa.com/uri/products/activity/process/xsd/1.0" xmlns:ns6="http://soa.com/uri/products/activity/insertxml/xsd/1.0" xmlns:ns7="http://soa.com/uri/products/activity/insertcontent/xsd/1.0" xmlns:ns8="http://schemas.xmlsoap.org/ws/2004/09/mex"><ns5:ProcessID>bpel:ec5880c3-73e7-11e4-8041-92f47835f0a7</ns5:ProcessID></ns5:ProcessActivity></ns10:Activity><ns10:Activity ActivityType="ns11:ProcessActivity" LastUpdated="1421028091933" Name="AddToEmailList" xmlns:ns11="http://soa.com/uri/products/activity/process/xsd/1.0"><ns5:ProcessActivity xmlns="http://soa.com/uri/products/activity/audit/xsd/1.0" xmlns:ns2="http://soa.com/uri/products/activity/script/xsd/1.0" xmlns:ns3="http://soa.com/uri/products/activity/stripxml/xsd/1.0" xmlns:ns4="http://soa.com/uri/products/activity/xform/xsd/1.0" xmlns:ns5="http://soa.com/uri/products/activity/process/xsd/1.0" xmlns:ns6="http://soa.com/uri/products/activity/insertxml/xsd/1.0" xmlns:ns7="http://soa.com/uri/products/activity/insertcontent/xsd/1.0" xmlns:ns8="http://schemas.xmlsoap.org/ws/2004/09/mex"><ns5:ProcessID>bpel:03d67568-73ec-11e4-8041-92f47835f0a7</ns5:ProcessID></ns5:ProcessActivity></ns10:Activity><ns10:Activity ActivityType="ns11:ProcessActivity" LastUpdated="1421028091934" Name="AddToBoxLeads" xmlns:ns11="http://soa.com/uri/products/activity/process/xsd/1.0"><ns5:ProcessActivity xmlns="http://soa.com/uri/products/activity/audit/xsd/1.0" xmlns:ns2="http://soa.com/uri/products/activity/script/xsd/1.0" xmlns:ns3="http://soa.com/uri/products/activity/stripxml/xsd/1.0" xmlns:ns4="http://soa.com/uri/products/activity/xform/xsd/1.0" xmlns:ns5="http://soa.com/uri/products/activity/process/xsd/1.0" xmlns:ns6="http://soa.com/uri/products/activity/insertxml/xsd/1.0" xmlns:ns7="http://soa.com/uri/products/activity/insertcontent/xsd/1.0" xmlns:ns8="http://schemas.xmlsoap.org/ws/2004/09/mex"><ns5:ProcessID>bpel:d1707c3b-97a7-11e4-abdd-d03357eba449</ns5:ProcessID></ns5:ProcessActivity></ns10:Activity><ns10:Activity ActivityType="ns11:ScriptedActivity" LastUpdated="1421028091934" Name="InsertSuccess" xmlns:ns11="http://soa.com/uri/products/activity/script/xsd/1.0"><ns2:ScriptedActivity xmlns="http://soa.com/uri/products/activity/audit/xsd/1.0" xmlns:ns2="http://soa.com/uri/products/activity/script/xsd/1.0" xmlns:ns3="http://soa.com/uri/products/activity/stripxml/xsd/1.0" xmlns:ns4="http://soa.com/uri/products/activity/xform/xsd/1.0" xmlns:ns5="http://soa.com/uri/products/activity/process/xsd/1.0" xmlns:ns6="http://soa.com/uri/products/activity/insertxml/xsd/1.0" xmlns:ns7="http://soa.com/uri/products/activity/insertcontent/xsd/1.0"><ns2:Language>js</ns2:Language><ns2:Script>var msg = processContext.getVariable("message");


var content = '{"salesForceStatus":"Success", "MailGunStatus":"Success", "Box":"Success"}';

var msgJSON = JSON.parse(msg.getContentAsString());

msgJSON.SignUpStatus = JSON.parse(content);


msg.setStringContent(JSON.stringify(msgJSON));
</ns2:Script></ns2:ScriptedActivity></ns10:Activity><ns10:Activity ActivityType="ns11:ProcessActivity" LastUpdated="1421028091934" Name="PostInvalidEmailToMongo" xmlns:ns11="http://soa.com/uri/products/activity/process/xsd/1.0"><ns5:ProcessActivity xmlns="http://soa.com/uri/products/activity/audit/xsd/1.0" xmlns:ns2="http://soa.com/uri/products/activity/script/xsd/1.0" xmlns:ns3="http://soa.com/uri/products/activity/stripxml/xsd/1.0" xmlns:ns4="http://soa.com/uri/products/activity/xform/xsd/1.0" xmlns:ns5="http://soa.com/uri/products/activity/process/xsd/1.0" xmlns:ns6="http://soa.com/uri/products/activity/insertxml/xsd/1.0" xmlns:ns7="http://soa.com/uri/products/activity/insertcontent/xsd/1.0"><ns5:ProcessID>bpel:80fb588f-70d8-11e4-aac9-abab048c21b3</ns5:ProcessID></ns5:ProcessActivity></ns10:Activity><ns10:Activity ActivityType="ns11:InsertContentActivity" LastUpdated="1421028091934" Name="SetInvalidEmailMsg" xmlns:ns11="http://soa.com/uri/products/activity/insertcontent/xsd/1.0"><ns7:InsertContentActivity xmlns="http://soa.com/uri/products/activity/audit/xsd/1.0" xmlns:ns2="http://soa.com/uri/products/activity/script/xsd/1.0" xmlns:ns3="http://soa.com/uri/products/activity/stripxml/xsd/1.0" xmlns:ns4="http://soa.com/uri/products/activity/xform/xsd/1.0" xmlns:ns5="http://soa.com/uri/products/activity/process/xsd/1.0" xmlns:ns6="http://soa.com/uri/products/activity/insertxml/xsd/1.0" xmlns:ns7="http://soa.com/uri/products/activity/insertcontent/xsd/1.0"><ns7:From><ns7:StaticContent>{"status":"failed", "error":"Your email is not valid.  Please correct"}</ns7:StaticContent><ns7:ContentType>application/json</ns7:ContentType></ns7:From><ns7:To><ns7:Variable name="errorMessage"><ns7:JSONPath>$</ns7:JSONPath></ns7:Variable><ns7:Action>append</ns7:Action></ns7:To><ns7:NSPrefixes/></ns7:InsertContentActivity></ns10:Activity><ns10:Activity ActivityType="ns11:ProcessActivity" LastUpdated="1421028091935" Name="PostInvalidToMongo" xmlns:ns11="http://soa.com/uri/products/activity/process/xsd/1.0"><ns5:ProcessActivity xmlns="http://soa.com/uri/products/activity/audit/xsd/1.0" xmlns:ns2="http://soa.com/uri/products/activity/script/xsd/1.0" xmlns:ns3="http://soa.com/uri/products/activity/stripxml/xsd/1.0" xmlns:ns4="http://soa.com/uri/products/activity/xform/xsd/1.0" xmlns:ns5="http://soa.com/uri/products/activity/process/xsd/1.0" xmlns:ns6="http://soa.com/uri/products/activity/insertxml/xsd/1.0" xmlns:ns7="http://soa.com/uri/products/activity/insertcontent/xsd/1.0"><ns5:ProcessID>bpel:80fb588f-70d8-11e4-aac9-abab048c21b3</ns5:ProcessID></ns5:ProcessActivity></ns10:Activity><ns10:Activity ActivityType="ns11:InsertContentActivity" LastUpdated="1421028091935" Name="SetInvalidAddrMsg" xmlns:ns11="http://soa.com/uri/products/activity/insertcontent/xsd/1.0"><ns7:InsertContentActivity xmlns="http://soa.com/uri/products/activity/audit/xsd/1.0" xmlns:ns2="http://soa.com/uri/products/activity/script/xsd/1.0" xmlns:ns3="http://soa.com/uri/products/activity/stripxml/xsd/1.0" xmlns:ns4="http://soa.com/uri/products/activity/xform/xsd/1.0" xmlns:ns5="http://soa.com/uri/products/activity/process/xsd/1.0" xmlns:ns6="http://soa.com/uri/products/activity/insertxml/xsd/1.0" xmlns:ns7="http://soa.com/uri/products/activity/insertcontent/xsd/1.0"><ns7:From><ns7:StaticContent>{"status":"failed", "error":"Your Address is not valid.  Please correct"}</ns7:StaticContent><ns7:ContentType>application/json</ns7:ContentType></ns7:From><ns7:To><ns7:Variable name="errorMessage"><ns7:JSONPath>$</ns7:JSONPath></ns7:Variable><ns7:Action>replace</ns7:Action></ns7:To><ns7:NSPrefixes/></ns7:InsertContentActivity></ns10:Activity></ns10:Activities><ns9:partnerLinkType name="SmartyStreets_API_PortTypeConsumer"><ns9:role name="Consumer"><ns9:portType name="ns11:SmartyStreets_API_PortType" xmlns:ns11="https://api.smartystreets.com"/></ns9:role></ns9:partnerLinkType><ns9:partnerLinkType name="MailGun_API_PortTypeConsumer"><ns9:role name="Consumer"><ns9:portType name="ns11:MailGun_API_PortType" xmlns:ns11="https://api.mailgun.net/v2"/></ns9:role></ns9:partnerLinkType><partnerLinks><partnerLink myRole="Provider" name="initial" partnerLinkType="ns11:TrialLeads_API_PortTypeProvider" xmlns:ns11="http://www.soa.com/trialleads"/><partnerLink myRole="Consumer" name="Activity" partnerLinkType="ns11:ActivityPortTypeConsumer" xmlns:ns11="http://www.soa.com/trialleads"/><partnerLink myRole="Consumer" name="SmartyStreets_API_PortTypePartnerLink" partnerLinkType="ns11:SmartyStreets_API_PortTypeConsumer" xmlns:ns11="http://www.soa.com/trialleads"/><partnerLink myRole="Consumer" name="MailGun_API_PortTypePartnerLink" partnerLinkType="ns11:MailGun_API_PortTypeConsumer" xmlns:ns11="http://www.soa.com/trialleads"/></partnerLinks><variables><variable messageType="ns11:ActivityMessage" name="message" xmlns:ns11="http://soa.com/process/activity"/><variable messageType="ns11:ActivityMessage" name="fault" xmlns:ns11="http://soa.com/process/activity"/><variable messageType="ns11:ActivityMessage" name="validationOutput" xmlns:ns11="http://soa.com/process/activity"/><variable messageType="ns11:ActivityMessage" name="smartInput" xmlns:ns11="http://soa.com/process/activity"/><variable messageType="ns11:ActivityMessage" name="validateEmailOut" xmlns:ns11="http://soa.com/process/activity"/><variable messageType="ns11:ActivityMessage" name="validateEmailIn" xmlns:ns11="http://soa.com/process/activity"/><variable messageType="ns11:ActivityMessage" name="SalesInput" xmlns:ns11="http://soa.com/process/activity"/><variable messageType="ns11:ActivityMessage" name="errorMessage" xmlns:ns11="http://soa.com/process/activity"/><variable messageType="ns11:ActivityMessage" name="successMessage" xmlns:ns11="http://soa.com/process/activity"/><variable messageType="ns11:ActivityMessage" name="salesOutput" xmlns:ns11="http://soa.com/process/activity"/></variables><faultHandlers><catchAll><sequence><reply faultName="ns2:ExistingFault" name="FaultReply" operation="POST__leads" partnerLink="initial" portType="ns11:TrialLeads_API_PortType" variable="fault" xmlns:ns11="http://www.soa.com/trialleads"/></sequence></catchAll></faultHandlers><sequence><receive createInstance="yes" name="Receive" operation="POST__leads" partnerLink="initial" portType="ns11:TrialLeads_API_PortType" variable="message" xmlns:ns11="http://www.soa.com/trialleads"/><invoke inputVariable="message" name="ConfigureSmartyStreet" operation="invoke" outputVariable="message" partnerLink="Activity" portType="ns10:ActivityPortType"><ns2:InvocationExt endpoint="ConfigureSmartyStreet" propagateExchange="true" service="ns10:ActivityService"/></invoke><invoke inputVariable="smartInput" name="ValidateAddress" operation="POST__street-address" outputVariable="validationOutput" partnerLink="SmartyStreets_API_PortTypePartnerLink" portType="ns11:SmartyStreets_API_PortType" xmlns:ns11="https://api.smartystreets.com"><ns2:InvocationExt service="ns11:SmartyStreets_API"><ns2:Audit/></ns2:InvocationExt></invoke><switch name="Branch1" ns2:expressionLanguage="js"><case condition="&lt;?xml version=&quot;1.0&quot; encoding=&quot;UTF-8&quot; standalone=&quot;yes&quot;?>&lt;Script xmlns=&quot;http://soa.com/capabilities/service/scripting&quot;>&lt;Language>js&lt;/Language>&lt;Source>auditLog.debug(&quot;Validating Address&quot;);&#xa;var msg = processContext.getVariable(&quot;validationOutput&quot;);&#xa;var content = msg.getContentAsString();&#xa;//auditLog.debug(&quot;Content =&quot; + content);&#xa;var number = content.indexOf(&quot;components&quot;);&#xa;//auditLog.debug(&quot;number is &quot; + number);&#xa;number &amp;gt; 3; &lt;/Source>&lt;/Script>" ns2:inputVariable="" ns2:label="valid"><sequence><invoke inputVariable="message" name="ConfigureMailGunValidate" operation="invoke" outputVariable="message" partnerLink="Activity" portType="ns10:ActivityPortType"><ns2:InvocationExt endpoint="ConfigureMailGunValidate" propagateExchange="true" service="ns10:ActivityService"/></invoke><invoke inputVariable="validateEmailIn" name="validateEmail" operation="GET__address_validate" outputVariable="validateEmailOut" partnerLink="MailGun_API_PortTypePartnerLink" portType="ns11:MailGun_API_PortType" xmlns:ns11="https://api.mailgun.net/v2"><ns2:InvocationExt service="ns11:MailGun_API"><ns2:Audit/></ns2:InvocationExt></invoke><switch name="Branch2" ns2:expressionLanguage="js"><case condition="&lt;?xml version=&quot;1.0&quot; encoding=&quot;UTF-8&quot; standalone=&quot;yes&quot;?>&lt;Script xmlns=&quot;http://soa.com/capabilities/service/scripting&quot;>&lt;Language>js&lt;/Language>&lt;Source>var msg = processContext.getVariable(&quot;validateEmailOut&quot;);&#xa;auditLog.debug(&quot;Got results &quot; + msg.getContentAsString());&#xa;var msgJSON = JSON.parse(msg.getContentAsString());&#xa;msgJSON.is_valid;&lt;/Source>&lt;/Script>" ns2:inputVariable="" ns2:label="valid"><sequence><invoke inputVariable="message" name="PostLeadToSF" operation="invoke" outputVariable="message" partnerLink="Activity" portType="ns10:ActivityPortType"><ns2:InvocationExt endpoint="PostLeadToSF" propagateExchange="true" service="ns10:ActivityService"/></invoke><invoke inputVariable="message" name="AddToEmailList" operation="invoke" outputVariable="message" partnerLink="Activity" portType="ns10:ActivityPortType"><ns2:InvocationExt endpoint="AddToEmailList" propagateExchange="true" service="ns10:ActivityService"/></invoke><invoke inputVariable="message" name="AddToBoxLeads" operation="invoke" outputVariable="message" partnerLink="Activity" portType="ns10:ActivityPortType"><ns2:InvocationExt endpoint="AddToBoxLeads" propagateExchange="true" service="ns10:ActivityService"/></invoke><invoke inputVariable="message" name="InsertSuccess" operation="invoke" outputVariable="message" partnerLink="Activity" portType="ns10:ActivityPortType"><ns2:InvocationExt endpoint="InsertSuccess" propagateExchange="true" service="ns10:ActivityService"/></invoke><reply name="Reply2" operation="POST__leads" partnerLink="initial" portType="ns11:TrialLeads_API_PortType" variable="message" xmlns:ns11="http://www.soa.com/trialleads"/></sequence></case><otherwise><sequence><invoke inputVariable="message" name="PostInvalidEmailToMongo" operation="invoke" outputVariable="message" partnerLink="Activity" portType="ns10:ActivityPortType"><ns2:InvocationExt endpoint="PostInvalidEmailToMongo" propagateExchange="true" service="ns10:ActivityService"/></invoke><invoke inputVariable="message" name="SetInvalidEmailMsg" operation="invoke" outputVariable="message" partnerLink="Activity" portType="ns10:ActivityPortType"><ns2:InvocationExt endpoint="SetInvalidEmailMsg" propagateExchange="true" service="ns10:ActivityService"/></invoke><reply name="Reply1" operation="POST__leads" partnerLink="initial" portType="ns11:TrialLeads_API_PortType" variable="message" xmlns:ns11="http://www.soa.com/trialleads"/></sequence></otherwise></switch></sequence></case><otherwise><sequence><invoke inputVariable="message" name="PostInvalidToMongo" operation="invoke" outputVariable="message" partnerLink="Activity" portType="ns10:ActivityPortType"><ns2:InvocationExt endpoint="PostInvalidToMongo" propagateExchange="true" service="ns10:ActivityService"/></invoke><invoke inputVariable="message" name="SetInvalidAddrMsg" operation="invoke" outputVariable="message" partnerLink="Activity" portType="ns10:ActivityPortType"><ns2:InvocationExt endpoint="SetInvalidAddrMsg" propagateExchange="true" service="ns10:ActivityService"/></invoke><reply name="Reply" operation="POST__leads" partnerLink="initial" portType="ns11:TrialLeads_API_PortType" variable="message" xmlns:ns11="http://www.soa.com/trialleads"/></sequence></otherwise></switch></sequence></process>