<?xml version="1.0" encoding="UTF-8"?>
<ns8:ExportConfiguration xmlns="http://digev.com/uri/products/ManagementServer/xsd/1.0" xmlns:ns10="http://soa.com/uri/products/Policy/xsd/1.0" xmlns:ns11="http://soa.com/uri/products/Contracts/xsd/1.0" xmlns:ns12="http://soa.com/uri/products/IdentityAuthorization/xsd/1.0" xmlns:ns13="http://soa.com/uri/products/Organization/xsd/1.0" xmlns:ns14="http://digev.com/uri/products/AlertManager/xsd/1.0" xmlns:ns15="http://digev.com/uri/products/PolicyManager/xsd/1.0" xmlns:ns2="http://digev.com/uri/products/Types/xsd/1.0" xmlns:ns3="http://www.soa.com/uri/products/SLAPolicy/xsd/1.0" xmlns:ns4="urn:uddi-org:api_v3" xmlns:ns5="http://www.w3.org/2000/09/xmldsig#" xmlns:ns6="http://soa.com/uri/products/ServiceProperties/1.0" xmlns:ns7="http://soa.com/uri/products/ServiceEndpointProperties/1.0" xmlns:ns8="http://www.soa.com/uri/products/ServiceManagerMigration/xsd/1.0" xmlns:ns9="urn:uddi-org:sub_v3"><ns8:SourceOrganization><ns2:Key>uddi:soa.com:registryorganization</ns2:Key></ns8:SourceOrganization><ns8:ExportObjectConfiguration><ns2:OrganizationKey><ns2:Key>uddi:84b50a64-ba29-11e4-b601-c3008ab26c84</ns2:Key></ns2:OrganizationKey><ns8:ExportOrganization><ns13:Organization><ns13:OrganizationKey><ns2:Key>uddi:84b50a64-ba29-11e4-b601-c3008ab26c84</ns2:Key></ns13:OrganizationKey><ns13:ParentKey><ns2:Key>uddi:soa.com:registryorganization</ns2:Key></ns13:ParentKey><ns13:Name>Box API Hook</ns13:Name><ns13:Description></ns13:Description><ns13:OrganizationType>Project</ns13:OrganizationType></ns13:Organization><ns4:businessEntity businessKey="uddi:84b50a64-ba29-11e4-b601-c3008ab26c84"><ns4:name>Box API Hook</ns4:name><ns4:categoryBag><ns4:keyedReferenceGroup tModelKey="uddi:soa.com:organization:group"><ns4:keyedReference keyName="Organization type" keyValue="Project" tModelKey="uddi:soa.com:categorization:organizationtype"/></ns4:keyedReferenceGroup></ns4:categoryBag></ns4:businessEntity></ns8:ExportOrganization></ns8:ExportObjectConfiguration><ns8:ExportObjectConfiguration><ns2:BpelKey><ns2:Key>bpel:4b868ff8-ba2a-11e4-b601-c3008ab26c84</ns2:Key></ns2:BpelKey><ns8:ExportBpel><ns8:BpelUri>bpels/bpel_4b868ff8-ba2a-11e4-b601-c3008ab26c84.xml</ns8:BpelUri></ns8:ExportBpel></ns8:ExportObjectConfiguration><ns8:ExportObjectConfiguration><ns2:BpelKey><ns2:Key>bpel:432f2cf7-ba2c-11e4-b601-c3008ab26c84</ns2:Key></ns2:BpelKey><ns8:ExportBpel><ns8:BpelUri>bpels/bpel_432f2cf7-ba2c-11e4-b601-c3008ab26c84.xml</ns8:BpelUri></ns8:ExportBpel></ns8:ExportObjectConfiguration><ns8:ExportObjectConfiguration><ns2:BpelKey><ns2:Key>bpel:0886e6e2-ba31-11e4-b601-c3008ab26c84</ns2:Key></ns2:BpelKey><ns8:ExportBpel><ns8:BpelUri>bpels/bpel_0886e6e2-ba31-11e4-b601-c3008ab26c84.xml</ns8:BpelUri></ns8:ExportBpel></ns8:ExportObjectConfiguration><ns8:ExportObjectConfiguration><ns2:BpelKey><ns2:Key>bpel:f7fc25af-ba29-11e4-b601-c3008ab26c84</ns2:Key></ns2:BpelKey><ns8:ExportBpel><ns8:BpelUri>bpels/bpel_f7fc25af-ba29-11e4-b601-c3008ab26c84.xml</ns8:BpelUri></ns8:ExportBpel></ns8:ExportObjectConfiguration><ns8:ExportObjectConfiguration><ns2:BpelKey><ns2:Key>bpel:af1810d4-ba2a-11e4-b601-c3008ab26c84</ns2:Key></ns2:BpelKey><ns8:ExportBpel><ns8:BpelUri>bpels/bpel_af1810d4-ba2a-11e4-b601-c3008ab26c84.xml</ns8:BpelUri></ns8:ExportBpel></ns8:ExportObjectConfiguration><ns8:ExportObjectConfiguration><ns2:InterfaceKey><ns2:Key>uddi:dbaa2f45-6322-c6e4-4e86-fcbf6735bf34</ns2:Key><ns2:InterfaceQName>{https://upload.box.com/api/2.0}Box_Upload_API_PortType</ns2:InterfaceQName></ns2:InterfaceKey><ns8:ExportInterface><ns4:tModel deleted="false" tModelKey="uddi:dbaa2f45-6322-c6e4-4e86-fcbf6735bf34"><ns4:name>Box_Upload_API_PortType</ns4:name><ns4:categoryBag><ns4:keyedReference keyName="portType namespace" keyValue="https://upload.box.com/api/2.0" tModelKey="uddi:uddi.org:xml:namespace"/><ns4:keyedReference keyName="WSDL type" keyValue="portType" tModelKey="uddi:uddi.org:wsdl:types"/></ns4:categoryBag></ns4:tModel><ns8:InterfaceWsdlUri>wsdls/uddi_dbaa2f45-6322-c6e4-4e86-fcbf6735bf34.wsdl</ns8:InterfaceWsdlUri></ns8:ExportInterface></ns8:ExportObjectConfiguration><ns8:ExportObjectConfiguration><ns2:InterfaceKey><ns2:Key>uddi:61e46aa5-e601-6282-cc07-c03508f4d477</ns2:Key><ns2:InterfaceQName>{https://api.box.com/2.0}Box_Content_API_PortType</ns2:InterfaceQName></ns2:InterfaceKey><ns8:ExportInterface><ns4:tModel deleted="false" tModelKey="uddi:61e46aa5-e601-6282-cc07-c03508f4d477"><ns4:name>Box_Content_API_PortType</ns4:name><ns4:categoryBag><ns4:keyedReference keyName="portType namespace" keyValue="https://api.box.com/2.0" tModelKey="uddi:uddi.org:xml:namespace"/><ns4:keyedReference keyName="WSDL type" keyValue="portType" tModelKey="uddi:uddi.org:wsdl:types"/></ns4:categoryBag></ns4:tModel><ns8:InterfaceWsdlUri>wsdls/uddi_61e46aa5-e601-6282-cc07-c03508f4d477.wsdl</ns8:InterfaceWsdlUri></ns8:ExportInterface></ns8:ExportObjectConfiguration><ns8:ExportObjectConfiguration><ns2:InterfaceKey><ns2:Key>uddi:f25d4f0c-9697-fa0b-ac9f-c128575cfa3e</ns2:Key><ns2:InterfaceQName>{https://soa.com}Box_API_Hook_PortType</ns2:InterfaceQName></ns2:InterfaceKey><ns8:ExportInterface><ns4:tModel deleted="false" tModelKey="uddi:f25d4f0c-9697-fa0b-ac9f-c128575cfa3e"><ns4:name>Box_API_Hook_PortType</ns4:name><ns4:categoryBag><ns4:keyedReference keyName="portType namespace" keyValue="https://soa.com" tModelKey="uddi:uddi.org:xml:namespace"/><ns4:keyedReference keyName="WSDL type" keyValue="portType" tModelKey="uddi:uddi.org:wsdl:types"/></ns4:categoryBag></ns4:tModel><ns8:InterfaceWsdlUri>wsdls/uddi_f25d4f0c-9697-fa0b-ac9f-c128575cfa3e.wsdl</ns8:InterfaceWsdlUri></ns8:ExportInterface></ns8:ExportObjectConfiguration><ns8:ExportObjectConfiguration><ns2:BindingKey><ns2:Key>uddi:9f05ea30-56bf-7e12-e754-4b6229200ef1</ns2:Key><ns2:BindingQName>{https://api.box.com/2.0}Box_Content_API_Binding</ns2:BindingQName><ns2:BindingType>binding.http</ns2:BindingType></ns2:BindingKey><ns8:ExportBinding><ns4:tModel deleted="false" tModelKey="uddi:9f05ea30-56bf-7e12-e754-4b6229200ef1"><ns4:name>Box_Content_API_Binding</ns4:name><ns4:categoryBag><ns4:keyedReference keyName="binding namespace" keyValue="https://api.box.com/2.0" tModelKey="uddi:uddi.org:xml:namespace"/><ns4:keyedReference keyName="WSDL type" keyValue="binding" tModelKey="uddi:uddi.org:wsdl:types"/><ns4:keyedReference keyName="portType Reference" keyValue="uddi:61e46aa5-e601-6282-cc07-c03508f4d477" tModelKey="uddi:uddi.org:wsdl:porttypereference"/><ns4:keyedReference keyName="uddi-org:types" keyValue="wsdlSpec" tModelKey="uddi:uddi.org:categorization:types"/></ns4:categoryBag></ns4:tModel><ns8:BindingWsdlUri>wsdls/uddi_9f05ea30-56bf-7e12-e754-4b6229200ef1.wsdl</ns8:BindingWsdlUri></ns8:ExportBinding></ns8:ExportObjectConfiguration><ns8:ExportObjectConfiguration><ns2:BindingKey><ns2:Key>uddi:d800bc7d-5013-70c3-fdcc-e29575ddf512</ns2:Key><ns2:BindingQName>{https://upload.box.com/api/2.0}Box_Upload_API_Binding</ns2:BindingQName><ns2:BindingType>binding.http</ns2:BindingType></ns2:BindingKey><ns8:ExportBinding><ns4:tModel deleted="false" tModelKey="uddi:d800bc7d-5013-70c3-fdcc-e29575ddf512"><ns4:name>Box_Upload_API_Binding</ns4:name><ns4:categoryBag><ns4:keyedReference keyName="binding namespace" keyValue="https://upload.box.com/api/2.0" tModelKey="uddi:uddi.org:xml:namespace"/><ns4:keyedReference keyName="WSDL type" keyValue="binding" tModelKey="uddi:uddi.org:wsdl:types"/><ns4:keyedReference keyName="portType Reference" keyValue="uddi:dbaa2f45-6322-c6e4-4e86-fcbf6735bf34" tModelKey="uddi:uddi.org:wsdl:porttypereference"/><ns4:keyedReference keyName="uddi-org:types" keyValue="wsdlSpec" tModelKey="uddi:uddi.org:categorization:types"/></ns4:categoryBag></ns4:tModel><ns8:BindingWsdlUri>wsdls/uddi_d800bc7d-5013-70c3-fdcc-e29575ddf512.wsdl</ns8:BindingWsdlUri></ns8:ExportBinding></ns8:ExportObjectConfiguration><ns8:ExportObjectConfiguration><ns2:BindingKey><ns2:Key>uddi:0baedce4-2aa2-9c7c-492f-4dbc49763987</ns2:Key><ns2:BindingQName>{https://soa.com}Box_API_Hook_Binding</ns2:BindingQName><ns2:BindingType>binding.http</ns2:BindingType></ns2:BindingKey><ns8:ExportBinding><ns4:tModel deleted="false" tModelKey="uddi:0baedce4-2aa2-9c7c-492f-4dbc49763987"><ns4:name>Box_API_Hook_Binding</ns4:name><ns4:categoryBag><ns4:keyedReference keyName="binding namespace" keyValue="https://soa.com" tModelKey="uddi:uddi.org:xml:namespace"/><ns4:keyedReference keyName="WSDL type" keyValue="binding" tModelKey="uddi:uddi.org:wsdl:types"/><ns4:keyedReference keyName="portType Reference" keyValue="uddi:f25d4f0c-9697-fa0b-ac9f-c128575cfa3e" tModelKey="uddi:uddi.org:wsdl:porttypereference"/><ns4:keyedReference keyName="uddi-org:types" keyValue="wsdlSpec" tModelKey="uddi:uddi.org:categorization:types"/></ns4:categoryBag></ns4:tModel><ns8:BindingWsdlUri>wsdls/uddi_0baedce4-2aa2-9c7c-492f-4dbc49763987.wsdl</ns8:BindingWsdlUri></ns8:ExportBinding></ns8:ExportObjectConfiguration><ns8:ExportObjectConfiguration><ns2:ServiceKey><ns2:Key>uddi:26598b28-ba2b-11e4-b601-c3008ab26c84</ns2:Key><ns2:ServiceQName>{https://api.box.com/2.0/hook}Box_Content_API</ns2:ServiceQName></ns2:ServiceKey><ns8:ExportService><PhysicalService BusinessKey="uddi:84b50a64-ba29-11e4-b601-c3008ab26c84" Discovered="false" ServiceKey="uddi:26598b28-ba2b-11e4-b601-c3008ab26c84" WsdlServiceLocalName="Box_Content_API" WsdlTargetNamespaceUrl="https://api.box.com/2.0/hook"><Name>Box_Content_API</Name><Description></Description><Operations><Operation InterfaceName="{https://api.box.com/2.0}Box_Content_API_PortType" ManagementState="Enabled" NumOfVirtualizedOperations="0" OperationKey="26bf5221-ba2b-11e4-b601-c3008ab26c84" OperationLastUpdatedAt="2015-02-22T00:38:43.447Z" OperationName="DELETE /collaborations/{id}" PolicyAvailable="true" ServiceKey="uddi:26598b28-ba2b-11e4-b601-c3008ab26c84" WsdlOperationName="DELETE__collaborations__id_"/><Operation InterfaceName="{https://api.box.com/2.0}Box_Content_API_PortType" ManagementState="Enabled" NumOfVirtualizedOperations="0" OperationKey="26b8744a-ba2b-11e4-b601-c3008ab26c84" OperationLastUpdatedAt="2015-02-22T00:38:43.447Z" OperationName="DELETE /comments/{comment_id}" PolicyAvailable="true" ServiceKey="uddi:26598b28-ba2b-11e4-b601-c3008ab26c84" WsdlOperationName="DELETE__comments__comment_id_"/><Operation InterfaceName="{https://api.box.com/2.0}Box_Content_API_PortType" ManagementState="Enabled" NumOfVirtualizedOperations="0" OperationKey="26ad77ac-ba2b-11e4-b601-c3008ab26c84" OperationLastUpdatedAt="2015-02-22T00:38:43.447Z" OperationName="DELETE /files/{id}" PolicyAvailable="true" ServiceKey="uddi:26598b28-ba2b-11e4-b601-c3008ab26c84" WsdlOperationName="DELETE__files__id_"/><Operation InterfaceName="{https://api.box.com/2.0}Box_Content_API_PortType" ManagementState="Enabled" NumOfVirtualizedOperations="0" OperationKey="26b2f5fa-ba2b-11e4-b601-c3008ab26c84" OperationLastUpdatedAt="2015-02-22T00:38:43.447Z" OperationName="DELETE /files/{id}/trash" PolicyAvailable="true" ServiceKey="uddi:26598b28-ba2b-11e4-b601-c3008ab26c84" WsdlOperationName="DELETE__files__id__trash"/><Operation InterfaceName="{https://api.box.com/2.0}Box_Content_API_PortType" ManagementState="Enabled" NumOfVirtualizedOperations="0" OperationKey="26b00fc3-ba2b-11e4-b601-c3008ab26c84" OperationLastUpdatedAt="2015-02-22T00:38:43.447Z" OperationName="DELETE /files/{id}/versions/{version_id}" PolicyAvailable="true" ServiceKey="uddi:26598b28-ba2b-11e4-b601-c3008ab26c84" WsdlOperationName="DELETE__files__id__versions__version_id_"/><Operation InterfaceName="{https://api.box.com/2.0}Box_Content_API_PortType" ManagementState="Enabled" NumOfVirtualizedOperations="0" OperationKey="26a476e2-ba2b-11e4-b601-c3008ab26c84" OperationLastUpdatedAt="2015-02-22T00:38:43.447Z" OperationName="DELETE /folders/{id}" PolicyAvailable="true" ServiceKey="uddi:26598b28-ba2b-11e4-b601-c3008ab26c84" WsdlOperationName="DELETE__folders__id_"/><Operation InterfaceName="{https://api.box.com/2.0}Box_Content_API_PortType" ManagementState="Enabled" NumOfVirtualizedOperations="0" OperationKey="26a8206d-ba2b-11e4-b601-c3008ab26c84" OperationLastUpdatedAt="2015-02-22T00:38:43.447Z" OperationName="DELETE /folders/{id}/trash" PolicyAvailable="true" ServiceKey="uddi:26598b28-ba2b-11e4-b601-c3008ab26c84" WsdlOperationName="DELETE__folders__id__trash"/><Operation InterfaceName="{https://api.box.com/2.0}Box_Content_API_PortType" ManagementState="Enabled" NumOfVirtualizedOperations="0" OperationKey="26d0b774-ba2b-11e4-b601-c3008ab26c84" OperationLastUpdatedAt="2015-02-22T00:38:43.447Z" OperationName="DELETE /group_memberships/{id}" PolicyAvailable="true" ServiceKey="uddi:26598b28-ba2b-11e4-b601-c3008ab26c84" WsdlOperationName="DELETE__group_memberships__id_"/><Operation InterfaceName="{https://api.box.com/2.0}Box_Content_API_PortType" ManagementState="Enabled" NumOfVirtualizedOperations="0" OperationKey="26cc71a9-ba2b-11e4-b601-c3008ab26c84" OperationLastUpdatedAt="2015-02-22T00:38:43.447Z" OperationName="DELETE /groups/{id}" PolicyAvailable="true" ServiceKey="uddi:26598b28-ba2b-11e4-b601-c3008ab26c84" WsdlOperationName="DELETE__groups__id_"/><Operation InterfaceName="{https://api.box.com/2.0}Box_Content_API_PortType" ManagementState="Enabled" NumOfVirtualizedOperations="0" OperationKey="26d79556-ba2b-11e4-b601-c3008ab26c84" OperationLastUpdatedAt="2015-02-22T00:38:43.447Z" OperationName="DELETE /task_assignments/{id}" PolicyAvailable="true" ServiceKey="uddi:26598b28-ba2b-11e4-b601-c3008ab26c84" WsdlOperationName="DELETE__task_assignments__id_"/><Operation InterfaceName="{https://api.box.com/2.0}Box_Content_API_PortType" ManagementState="Enabled" NumOfVirtualizedOperations="0" OperationKey="26d4d62e-ba2b-11e4-b601-c3008ab26c84" OperationLastUpdatedAt="2015-02-22T00:38:43.447Z" OperationName="DELETE /tasks/{id}" PolicyAvailable="true" ServiceKey="uddi:26598b28-ba2b-11e4-b601-c3008ab26c84" WsdlOperationName="DELETE__tasks__id_"/><Operation InterfaceName="{https://api.box.com/2.0}Box_Content_API_PortType" ManagementState="Enabled" NumOfVirtualizedOperations="0" OperationKey="26c56cb5-ba2b-11e4-b601-c3008ab26c84" OperationLastUpdatedAt="2015-02-22T00:38:43.447Z" OperationName="DELETE /users/{id}" PolicyAvailable="true" ServiceKey="uddi:26598b28-ba2b-11e4-b601-c3008ab26c84" WsdlOperationName="DELETE__users__id_"/><Operation InterfaceName="{https://api.box.com/2.0}Box_Content_API_PortType" ManagementState="Enabled" NumOfVirtualizedOperations="0" OperationKey="26c852eb-ba2b-11e4-b601-c3008ab26c84" OperationLastUpdatedAt="2015-02-22T00:38:43.447Z" OperationName="DELETE /users/{id}/email_aliases/{email_alias_id}" PolicyAvailable="true" ServiceKey="uddi:26598b28-ba2b-11e4-b601-c3008ab26c84" WsdlOperationName="DELETE__users__id__email_aliases__email_alias_id_"/><Operation InterfaceName="{https://api.box.com/2.0}Box_Content_API_PortType" ManagementState="Enabled" NumOfVirtualizedOperations="0" OperationKey="26bfee62-ba2b-11e4-b601-c3008ab26c84" OperationLastUpdatedAt="2015-02-22T00:38:43.447Z" OperationName="GET /collaborations/{id}" PolicyAvailable="true" ServiceKey="uddi:26598b28-ba2b-11e4-b601-c3008ab26c84" WsdlOperationName="GET__collaborations__id_"/><Operation InterfaceName="{https://api.box.com/2.0}Box_Content_API_PortType" ManagementState="Enabled" NumOfVirtualizedOperations="0" OperationKey="26b7d808-ba2b-11e4-b601-c3008ab26c84" OperationLastUpdatedAt="2015-02-22T00:38:43.447Z" OperationName="GET /comments/{comment_id}" PolicyAvailable="true" ServiceKey="uddi:26598b28-ba2b-11e4-b601-c3008ab26c84" WsdlOperationName="GET__comments__comment_id_"/><Operation InterfaceName="{https://api.box.com/2.0}Box_Content_API_PortType" ManagementState="Enabled" NumOfVirtualizedOperations="0" OperationKey="26c0b1b4-ba2b-11e4-b601-c3008ab26c84" OperationLastUpdatedAt="2015-02-22T00:38:43.447Z" OperationName="GET /events" PolicyAvailable="true" ServiceKey="uddi:26598b28-ba2b-11e4-b601-c3008ab26c84" WsdlOperationName="GET__events"/><Operation InterfaceName="{https://api.box.com/2.0}Box_Content_API_PortType" ManagementState="Enabled" NumOfVirtualizedOperations="0" OperationKey="26aab884-ba2b-11e4-b601-c3008ab26c84" OperationLastUpdatedAt="2015-02-22T00:38:43.447Z" OperationName="GET /files/{id}" PolicyAvailable="true" ServiceKey="uddi:26598b28-ba2b-11e4-b601-c3008ab26c84" WsdlOperationName="GET__files__id_"/><Operation InterfaceName="{https://api.box.com/2.0}Box_Content_API_PortType" ManagementState="Enabled" NumOfVirtualizedOperations="0" OperationKey="26ae13ed-ba2b-11e4-b601-c3008ab26c84" OperationLastUpdatedAt="2015-02-22T00:38:43.447Z" OperationName="GET /files/{id}/{thumbnail_file_name}" PolicyAvailable="true" ServiceKey="uddi:26598b28-ba2b-11e4-b601-c3008ab26c84" WsdlOperationName="GET__files__id___thumbnail_file_name_"/><Operation InterfaceName="{https://api.box.com/2.0}Box_Content_API_PortType" ManagementState="Enabled" NumOfVirtualizedOperations="0" OperationKey="26b4558d-ba2b-11e4-b601-c3008ab26c84" OperationLastUpdatedAt="2015-02-22T00:38:43.447Z" OperationName="GET /files/{id}/comments" PolicyAvailable="true" ServiceKey="uddi:26598b28-ba2b-11e4-b601-c3008ab26c84" WsdlOperationName="GET__files__id__comments"/><Operation InterfaceName="{https://api.box.com/2.0}Box_Content_API_PortType" ManagementState="Enabled" NumOfVirtualizedOperations="0" OperationKey="26b0d314-ba2b-11e4-b601-c3008ab26c84" OperationLastUpdatedAt="2015-02-22T00:38:43.447Z" OperationName="GET /files/{id}/content" PolicyAvailable="true" ServiceKey="uddi:26598b28-ba2b-11e4-b601-c3008ab26c84" WsdlOperationName="GET__files__id__content"/><Operation InterfaceName="{https://api.box.com/2.0}Box_Content_API_PortType" ManagementState="Enabled" NumOfVirtualizedOperations="0" OperationKey="26b3923b-ba2b-11e4-b601-c3008ab26c84" OperationLastUpdatedAt="2015-02-22T00:38:43.447Z" OperationName="GET /files/{id}/tasks" PolicyAvailable="true" ServiceKey="uddi:26598b28-ba2b-11e4-b601-c3008ab26c84" WsdlOperationName="GET__files__id__tasks"/><Operation InterfaceName="{https://api.box.com/2.0}Box_Content_API_PortType" ManagementState="Enabled" NumOfVirtualizedOperations="0" OperationKey="26b259b8-ba2b-11e4-b601-c3008ab26c84" OperationLastUpdatedAt="2015-02-22T00:38:43.447Z" OperationName="GET /files/{id}/trash" PolicyAvailable="true" ServiceKey="uddi:26598b28-ba2b-11e4-b601-c3008ab26c84" WsdlOperationName="GET__files__id__trash"/><Operation InterfaceName="{https://api.box.com/2.0}Box_Content_API_PortType" ManagementState="Enabled" NumOfVirtualizedOperations="0" OperationKey="26aeb02e-ba2b-11e4-b601-c3008ab26c84" OperationLastUpdatedAt="2015-02-22T00:38:43.447Z" OperationName="GET /files/{id}/versions" PolicyAvailable="true" ServiceKey="uddi:26598b28-ba2b-11e4-b601-c3008ab26c84" WsdlOperationName="GET__files__id__versions"/><Operation InterfaceName="{https://api.box.com/2.0}Box_Content_API_PortType" ManagementState="Enabled" NumOfVirtualizedOperations="0" OperationKey="26a5fd86-ba2b-11e4-b601-c3008ab26c84" OperationLastUpdatedAt="2015-02-22T00:38:43.447Z" OperationName="GET /folders/{id}" PolicyAvailable="true" ServiceKey="uddi:26598b28-ba2b-11e4-b601-c3008ab26c84" WsdlOperationName="GET__folders__id_"/><Operation InterfaceName="{https://api.box.com/2.0}Box_Content_API_PortType" ManagementState="Enabled" NumOfVirtualizedOperations="0" OperationKey="26a98000-ba2b-11e4-b601-c3008ab26c84" OperationLastUpdatedAt="2015-02-22T00:38:43.447Z" OperationName="GET /folders/{id}/collaborations" PolicyAvailable="true" ServiceKey="uddi:26598b28-ba2b-11e4-b601-c3008ab26c84" WsdlOperationName="GET__folders__id__collaborations"/><Operation InterfaceName="{https://api.box.com/2.0}Box_Content_API_PortType" ManagementState="Enabled" NumOfVirtualizedOperations="0" OperationKey="26a699c8-ba2b-11e4-b601-c3008ab26c84" OperationLastUpdatedAt="2015-02-22T00:38:43.447Z" OperationName="GET /folders/{id}/item" PolicyAvailable="true" ServiceKey="uddi:26598b28-ba2b-11e4-b601-c3008ab26c84" WsdlOperationName="GET__folders__id__item"/><Operation InterfaceName="{https://api.box.com/2.0}Box_Content_API_PortType" ManagementState="Enabled" NumOfVirtualizedOperations="0" OperationKey="26a8bcae-ba2b-11e4-b601-c3008ab26c84" OperationLastUpdatedAt="2015-02-22T00:38:43.447Z" OperationName="GET /folders/{id}/trash" PolicyAvailable="true" ServiceKey="uddi:26598b28-ba2b-11e4-b601-c3008ab26c84" WsdlOperationName="GET__folders__id__trash"/><Operation InterfaceName="{https://api.box.com/2.0}Box_Content_API_PortType" ManagementState="Enabled" NumOfVirtualizedOperations="0" OperationKey="26aa1c42-ba2b-11e4-b601-c3008ab26c84" OperationLastUpdatedAt="2015-02-22T00:38:43.447Z" OperationName="GET /folders/trash/items" PolicyAvailable="true" ServiceKey="uddi:26598b28-ba2b-11e4-b601-c3008ab26c84" WsdlOperationName="GET__folders_trash_items"/><Operation InterfaceName="{https://api.box.com/2.0}Box_Content_API_PortType" ManagementState="Enabled" NumOfVirtualizedOperations="0" OperationKey="26cf57df-ba2b-11e4-b601-c3008ab26c84" OperationLastUpdatedAt="2015-02-22T00:38:43.447Z" OperationName="GET /group_memberships/{id}" PolicyAvailable="true" ServiceKey="uddi:26598b28-ba2b-11e4-b601-c3008ab26c84" WsdlOperationName="GET__group_memberships__id_"/><Operation InterfaceName="{https://api.box.com/2.0}Box_Content_API_PortType" ManagementState="Enabled" NumOfVirtualizedOperations="0" OperationKey="26d1a1d5-ba2b-11e4-b601-c3008ab26c84" OperationLastUpdatedAt="2015-02-22T00:38:43.447Z" OperationName="GET /group_memberships/{id}/collaborations" PolicyAvailable="true" ServiceKey="uddi:26598b28-ba2b-11e4-b601-c3008ab26c84" WsdlOperationName="GET__group_memberships__id__collaborations"/><Operation InterfaceName="{https://api.box.com/2.0}Box_Content_API_PortType" ManagementState="Enabled" NumOfVirtualizedOperations="0" OperationKey="26ca4ec1-ba2b-11e4-b601-c3008ab26c84" OperationLastUpdatedAt="2015-02-22T00:38:43.447Z" OperationName="GET /groups" PolicyAvailable="true" ServiceKey="uddi:26598b28-ba2b-11e4-b601-c3008ab26c84" WsdlOperationName="GET__groups"/><Operation InterfaceName="{https://api.box.com/2.0}Box_Content_API_PortType" ManagementState="Enabled" NumOfVirtualizedOperations="0" OperationKey="26cd831a-ba2b-11e4-b601-c3008ab26c84" OperationLastUpdatedAt="2015-02-22T00:38:43.447Z" OperationName="GET /groups/{id}/memberships" PolicyAvailable="true" ServiceKey="uddi:26598b28-ba2b-11e4-b601-c3008ab26c84" WsdlOperationName="GET__groups__id__memberships"/><Operation InterfaceName="{https://api.box.com/2.0}Box_Content_API_PortType" ManagementState="Enabled" NumOfVirtualizedOperations="0" OperationKey="26c21149-ba2b-11e4-b601-c3008ab26c84" OperationLastUpdatedAt="2015-02-22T00:38:43.447Z" OperationName="GET /search" PolicyAvailable="true" ServiceKey="uddi:26598b28-ba2b-11e4-b601-c3008ab26c84" WsdlOperationName="GET__search"/><Operation InterfaceName="{https://api.box.com/2.0}Box_Content_API_PortType" ManagementState="Enabled" NumOfVirtualizedOperations="0" OperationKey="26c14df6-ba2b-11e4-b601-c3008ab26c84" OperationLastUpdatedAt="2015-02-22T00:38:43.447Z" OperationName="GET /shared_items" PolicyAvailable="true" ServiceKey="uddi:26598b28-ba2b-11e4-b601-c3008ab26c84" WsdlOperationName="GET__shared_items"/><Operation InterfaceName="{https://api.box.com/2.0}Box_Content_API_PortType" ManagementState="Enabled" NumOfVirtualizedOperations="0" OperationKey="26d6d204-ba2b-11e4-b601-c3008ab26c84" OperationLastUpdatedAt="2015-02-22T00:38:43.447Z" OperationName="GET /task_assignments/{id}" PolicyAvailable="true" ServiceKey="uddi:26598b28-ba2b-11e4-b601-c3008ab26c84" WsdlOperationName="GET__task_assignments__id_"/><Operation InterfaceName="{https://api.box.com/2.0}Box_Content_API_PortType" ManagementState="Enabled" NumOfVirtualizedOperations="0" OperationKey="26d3769a-ba2b-11e4-b601-c3008ab26c84" OperationLastUpdatedAt="2015-02-22T00:38:43.447Z" OperationName="GET /tasks/{id}" PolicyAvailable="true" ServiceKey="uddi:26598b28-ba2b-11e4-b601-c3008ab26c84" WsdlOperationName="GET__tasks__id_"/><Operation InterfaceName="{https://api.box.com/2.0}Box_Content_API_PortType" ManagementState="Enabled" NumOfVirtualizedOperations="0" OperationKey="26d5726f-ba2b-11e4-b601-c3008ab26c84" OperationLastUpdatedAt="2015-02-22T00:38:43.447Z" OperationName="GET /tasks/{id}/assignments" PolicyAvailable="true" ServiceKey="uddi:26598b28-ba2b-11e4-b601-c3008ab26c84" WsdlOperationName="GET__tasks__id__assignments"/><Operation InterfaceName="{https://api.box.com/2.0}Box_Content_API_PortType" ManagementState="Enabled" NumOfVirtualizedOperations="0" OperationKey="26c2ad8b-ba2b-11e4-b601-c3008ab26c84" OperationLastUpdatedAt="2015-02-22T00:38:43.447Z" OperationName="GET /users" PolicyAvailable="true" ServiceKey="uddi:26598b28-ba2b-11e4-b601-c3008ab26c84" WsdlOperationName="GET__users"/><Operation InterfaceName="{https://api.box.com/2.0}Box_Content_API_PortType" ManagementState="Enabled" NumOfVirtualizedOperations="0" OperationKey="26c608f6-ba2b-11e4-b601-c3008ab26c84" OperationLastUpdatedAt="2015-02-22T00:38:43.447Z" OperationName="GET /users/{id}/email_aliases" PolicyAvailable="true" ServiceKey="uddi:26598b28-ba2b-11e4-b601-c3008ab26c84" WsdlOperationName="GET__users__id__email_aliases"/><Operation InterfaceName="{https://api.box.com/2.0}Box_Content_API_PortType" ManagementState="Enabled" NumOfVirtualizedOperations="0" OperationKey="26c8ef2c-ba2b-11e4-b601-c3008ab26c84" OperationLastUpdatedAt="2015-02-22T00:38:43.447Z" OperationName="GET /users/{id}/memberships" PolicyAvailable="true" ServiceKey="uddi:26598b28-ba2b-11e4-b601-c3008ab26c84" WsdlOperationName="GET__users__id__memberships"/><Operation InterfaceName="{https://api.box.com/2.0}Box_Content_API_PortType" ManagementState="Enabled" NumOfVirtualizedOperations="0" OperationKey="26c40d20-ba2b-11e4-b601-c3008ab26c84" OperationLastUpdatedAt="2015-02-22T00:38:43.447Z" OperationName="GET /users/me" PolicyAvailable="true" ServiceKey="uddi:26598b28-ba2b-11e4-b601-c3008ab26c84" WsdlOperationName="GET__users_me"/><Operation InterfaceName="{https://api.box.com/2.0}Box_Content_API_PortType" ManagementState="Enabled" NumOfVirtualizedOperations="0" OperationKey="26bdcb7b-ba2b-11e4-b601-c3008ab26c84" OperationLastUpdatedAt="2015-02-22T00:38:43.447Z" OperationName="POST /collaborations" PolicyAvailable="true" ServiceKey="uddi:26598b28-ba2b-11e4-b601-c3008ab26c84" WsdlOperationName="POST__collaborations"/><Operation InterfaceName="{https://api.box.com/2.0}Box_Content_API_PortType" ManagementState="Enabled" NumOfVirtualizedOperations="0" OperationKey="26b62a52-ba2b-11e4-b601-c3008ab26c84" OperationLastUpdatedAt="2015-02-22T00:38:43.447Z" OperationName="POST /comments" PolicyAvailable="true" ServiceKey="uddi:26598b28-ba2b-11e4-b601-c3008ab26c84" WsdlOperationName="POST__comments"/><Operation InterfaceName="{https://api.box.com/2.0}Box_Content_API_PortType" ManagementState="Enabled" NumOfVirtualizedOperations="0" OperationKey="26aba2e6-ba2b-11e4-b601-c3008ab26c84" OperationLastUpdatedAt="2015-02-22T00:38:43.447Z" OperationName="POST /files/{id}" PolicyAvailable="true" ServiceKey="uddi:26598b28-ba2b-11e4-b601-c3008ab26c84" WsdlOperationName="POST__files__id_"/><Operation InterfaceName="{https://api.box.com/2.0}Box_Content_API_PortType" ManagementState="Enabled" NumOfVirtualizedOperations="0" OperationKey="26b19665-ba2b-11e4-b601-c3008ab26c84" OperationLastUpdatedAt="2015-02-22T00:38:43.447Z" OperationName="POST /files/{id}/copy" PolicyAvailable="true" ServiceKey="uddi:26598b28-ba2b-11e4-b601-c3008ab26c84" WsdlOperationName="POST__files__id__copy"/><Operation InterfaceName="{https://api.box.com/2.0}Box_Content_API_PortType" ManagementState="Enabled" NumOfVirtualizedOperations="0" OperationKey="26af4c70-ba2b-11e4-b601-c3008ab26c84" OperationLastUpdatedAt="2015-02-22T00:38:43.447Z" OperationName="POST /files/{id}/versions/current" PolicyAvailable="true" ServiceKey="uddi:26598b28-ba2b-11e4-b601-c3008ab26c84" WsdlOperationName="POST__files__id__versions_current"/><Operation InterfaceName="{https://api.box.com/2.0}Box_Content_API_PortType" ManagementState="Enabled" NumOfVirtualizedOperations="0" OperationKey="26b53fef-ba2b-11e4-b601-c3008ab26c84" OperationLastUpdatedAt="2015-02-22T00:38:43.447Z" OperationName="POST /files/content" PolicyAvailable="true" ServiceKey="uddi:26598b28-ba2b-11e4-b601-c3008ab26c84" WsdlOperationName="POST__files_content"/><Operation InterfaceName="{https://api.box.com/2.0}Box_Content_API_PortType" ManagementState="Enabled" NumOfVirtualizedOperations="0" OperationKey="26a1699c-ba2b-11e4-b601-c3008ab26c84" OperationLastUpdatedAt="2015-02-22T00:38:43.447Z" OperationName="POST /folders" PolicyAvailable="true" ServiceKey="uddi:26598b28-ba2b-11e4-b601-c3008ab26c84" WsdlOperationName="POST__folders"/><Operation InterfaceName="{https://api.box.com/2.0}Box_Content_API_PortType" ManagementState="Enabled" NumOfVirtualizedOperations="0" OperationKey="26a3b38f-ba2b-11e4-b601-c3008ab26c84" OperationLastUpdatedAt="2015-02-22T00:38:43.447Z" OperationName="POST /folders/{id}" PolicyAvailable="true" ServiceKey="uddi:26598b28-ba2b-11e4-b601-c3008ab26c84" WsdlOperationName="POST__folders__id_"/><Operation InterfaceName="{https://api.box.com/2.0}Box_Content_API_PortType" ManagementState="Enabled" NumOfVirtualizedOperations="0" OperationKey="26a75d1a-ba2b-11e4-b601-c3008ab26c84" OperationLastUpdatedAt="2015-02-22T00:38:43.447Z" OperationName="POST /folders/{id}/copy" PolicyAvailable="true" ServiceKey="uddi:26598b28-ba2b-11e4-b601-c3008ab26c84" WsdlOperationName="POST__folders__id__copy"/><Operation InterfaceName="{https://api.box.com/2.0}Box_Content_API_PortType" ManagementState="Enabled" NumOfVirtualizedOperations="0" OperationKey="26ce6d7c-ba2b-11e4-b601-c3008ab26c84" OperationLastUpdatedAt="2015-02-22T00:38:43.447Z" OperationName="POST /group_memberships" PolicyAvailable="true" ServiceKey="uddi:26598b28-ba2b-11e4-b601-c3008ab26c84" WsdlOperationName="POST__group_memberships"/><Operation InterfaceName="{https://api.box.com/2.0}Box_Content_API_PortType" ManagementState="Enabled" NumOfVirtualizedOperations="0" OperationKey="26d01b31-ba2b-11e4-b601-c3008ab26c84" OperationLastUpdatedAt="2015-02-22T00:38:43.447Z" OperationName="POST /group_memberships/{id}" PolicyAvailable="true" ServiceKey="uddi:26598b28-ba2b-11e4-b601-c3008ab26c84" WsdlOperationName="POST__group_memberships__id_"/><Operation InterfaceName="{https://api.box.com/2.0}Box_Content_API_PortType" ManagementState="Enabled" NumOfVirtualizedOperations="0" OperationKey="26caeb03-ba2b-11e4-b601-c3008ab26c84" OperationLastUpdatedAt="2015-02-22T00:38:43.447Z" OperationName="POST /groups" PolicyAvailable="true" ServiceKey="uddi:26598b28-ba2b-11e4-b601-c3008ab26c84" WsdlOperationName="POST__groups"/><Operation InterfaceName="{https://api.box.com/2.0}Box_Content_API_PortType" ManagementState="Enabled" NumOfVirtualizedOperations="0" OperationKey="26d635c1-ba2b-11e4-b601-c3008ab26c84" OperationLastUpdatedAt="2015-02-22T00:38:43.447Z" OperationName="POST /task_assignments" PolicyAvailable="true" ServiceKey="uddi:26598b28-ba2b-11e4-b601-c3008ab26c84" WsdlOperationName="POST__task_assignments"/><Operation InterfaceName="{https://api.box.com/2.0}Box_Content_API_PortType" ManagementState="Enabled" NumOfVirtualizedOperations="0" OperationKey="26d28c37-ba2b-11e4-b601-c3008ab26c84" OperationLastUpdatedAt="2015-02-22T00:38:43.447Z" OperationName="POST /tasks" PolicyAvailable="true" ServiceKey="uddi:26598b28-ba2b-11e4-b601-c3008ab26c84" WsdlOperationName="POST__tasks"/><Operation InterfaceName="{https://api.box.com/2.0}Box_Content_API_PortType" ManagementState="Enabled" NumOfVirtualizedOperations="0" OperationKey="26c370dd-ba2b-11e4-b601-c3008ab26c84" OperationLastUpdatedAt="2015-02-22T00:38:43.447Z" OperationName="POST /users" PolicyAvailable="true" ServiceKey="uddi:26598b28-ba2b-11e4-b601-c3008ab26c84" WsdlOperationName="POST__users"/><Operation InterfaceName="{https://api.box.com/2.0}Box_Content_API_PortType" ManagementState="Enabled" NumOfVirtualizedOperations="0" OperationKey="26c6cc48-ba2b-11e4-b601-c3008ab26c84" OperationLastUpdatedAt="2015-02-22T00:38:43.447Z" OperationName="POST /users/{id}/email_aliases" PolicyAvailable="true" ServiceKey="uddi:26598b28-ba2b-11e4-b601-c3008ab26c84" WsdlOperationName="POST__users__id__email_aliases"/><Operation InterfaceName="{https://api.box.com/2.0}Box_Content_API_PortType" ManagementState="Enabled" NumOfVirtualizedOperations="0" OperationKey="26be8ece-ba2b-11e4-b601-c3008ab26c84" OperationLastUpdatedAt="2015-02-22T00:38:43.447Z" OperationName="PUT /collaborations/{id}" PolicyAvailable="true" ServiceKey="uddi:26598b28-ba2b-11e4-b601-c3008ab26c84" WsdlOperationName="PUT__collaborations__id_"/><Operation InterfaceName="{https://api.box.com/2.0}Box_Content_API_PortType" ManagementState="Enabled" NumOfVirtualizedOperations="0" OperationKey="26b714b5-ba2b-11e4-b601-c3008ab26c84" OperationLastUpdatedAt="2015-02-22T00:38:43.447Z" OperationName="PUT /comments/{comment_id}" PolicyAvailable="true" ServiceKey="uddi:26598b28-ba2b-11e4-b601-c3008ab26c84" WsdlOperationName="PUT__comments__comment_id_"/><Operation InterfaceName="{https://api.box.com/2.0}Box_Content_API_PortType" ManagementState="Enabled" NumOfVirtualizedOperations="0" OperationKey="26acb459-ba2b-11e4-b601-c3008ab26c84" OperationLastUpdatedAt="2015-02-22T00:38:43.447Z" OperationName="PUT /files/{id}" PolicyAvailable="true" ServiceKey="uddi:26598b28-ba2b-11e4-b601-c3008ab26c84" WsdlOperationName="PUT__files__id_"/><Operation InterfaceName="{https://api.box.com/2.0}Box_Content_API_PortType" ManagementState="Enabled" NumOfVirtualizedOperations="0" OperationKey="26a51323-ba2b-11e4-b601-c3008ab26c84" OperationLastUpdatedAt="2015-02-22T00:38:43.447Z" OperationName="PUT /folders/{id}" PolicyAvailable="true" ServiceKey="uddi:26598b28-ba2b-11e4-b601-c3008ab26c84" WsdlOperationName="PUT__folders__id_"/><Operation InterfaceName="{https://api.box.com/2.0}Box_Content_API_PortType" ManagementState="Enabled" NumOfVirtualizedOperations="0" OperationKey="26cbae56-ba2b-11e4-b601-c3008ab26c84" OperationLastUpdatedAt="2015-02-22T00:38:43.447Z" OperationName="PUT /groups/{id}" PolicyAvailable="true" ServiceKey="uddi:26598b28-ba2b-11e4-b601-c3008ab26c84" WsdlOperationName="PUT__groups__id_"/><Operation InterfaceName="{https://api.box.com/2.0}Box_Content_API_PortType" ManagementState="Enabled" NumOfVirtualizedOperations="0" OperationKey="26d80a87-ba2b-11e4-b601-c3008ab26c84" OperationLastUpdatedAt="2015-02-22T00:38:43.447Z" OperationName="PUT /task_assignments/{id}" PolicyAvailable="true" ServiceKey="uddi:26598b28-ba2b-11e4-b601-c3008ab26c84" WsdlOperationName="PUT__task_assignments__id_"/><Operation InterfaceName="{https://api.box.com/2.0}Box_Content_API_PortType" ManagementState="Enabled" NumOfVirtualizedOperations="0" OperationKey="26d439ec-ba2b-11e4-b601-c3008ab26c84" OperationLastUpdatedAt="2015-02-22T00:38:43.447Z" OperationName="PUT /tasks/{id}" PolicyAvailable="true" ServiceKey="uddi:26598b28-ba2b-11e4-b601-c3008ab26c84" WsdlOperationName="PUT__tasks__id_"/><Operation InterfaceName="{https://api.box.com/2.0}Box_Content_API_PortType" ManagementState="Enabled" NumOfVirtualizedOperations="0" OperationKey="26c4d072-ba2b-11e4-b601-c3008ab26c84" OperationLastUpdatedAt="2015-02-22T00:38:43.447Z" OperationName="PUT /users/{id}" PolicyAvailable="true" ServiceKey="uddi:26598b28-ba2b-11e4-b601-c3008ab26c84" WsdlOperationName="PUT__users__id_"/><Operation InterfaceName="{https://api.box.com/2.0}Box_Content_API_PortType" ManagementState="Enabled" NumOfVirtualizedOperations="0" OperationKey="26c98b6e-ba2b-11e4-b601-c3008ab26c84" OperationLastUpdatedAt="2015-02-22T00:38:43.447Z" OperationName="PUT /users/{id}/folders/{folder_id}" PolicyAvailable="true" ServiceKey="uddi:26598b28-ba2b-11e4-b601-c3008ab26c84" WsdlOperationName="PUT__users__id__folders__folder_id_"/></Operations></PhysicalService><ns4:businessService businessKey="uddi:84b50a64-ba29-11e4-b601-c3008ab26c84" serviceKey="uddi:26598b28-ba2b-11e4-b601-c3008ab26c84"><ns4:name>Box_Content_API</ns4:name><ns4:bindingTemplates><ns4:bindingTemplate bindingKey="uddi:274ec06c-ba2b-11e4-b601-c3008ab26c84" serviceKey="uddi:26598b28-ba2b-11e4-b601-c3008ab26c84"><ns4:accessPoint useType="endPoint">https://api.box.com/2.0</ns4:accessPoint><ns4:tModelInstanceDetails><ns4:tModelInstanceInfo tModelKey="uddi:9f05ea30-56bf-7e12-e754-4b6229200ef1"><ns4:description>The wsdl:binding that this wsdl:port implements. The instanceParms specifies the port local name.</ns4:description><ns4:instanceDetails><ns4:instanceParms>Box_Content_API_port</ns4:instanceParms></ns4:instanceDetails></ns4:tModelInstanceInfo><ns4:tModelInstanceInfo tModelKey="uddi:61e46aa5-e601-6282-cc07-c03508f4d477"><ns4:description>The wsdl:portType that this wsdl:port implements.</ns4:description></ns4:tModelInstanceInfo></ns4:tModelInstanceDetails><ns4:categoryBag><ns4:keyedReference keyName="WSDL type" keyValue="port" tModelKey="uddi:uddi.org:wsdl:types"/></ns4:categoryBag></ns4:bindingTemplate></ns4:bindingTemplates><ns4:categoryBag><ns4:keyedReference keyName="Design" keyValue="Design" tModelKey="uddi:soa.com:servicelifecyclestage"/><ns4:keyedReference keyName="1.0" keyValue="46a0c09b-233c-489c-838a-08dd8af26b76" tModelKey="uddi:soa.com:serviceversion"/><ns4:keyedReference keyName="WSDL type" keyValue="service" tModelKey="uddi:uddi.org:wsdl:types"/><ns4:keyedReference keyName="service namespace" keyValue="https://api.box.com/2.0/hook" tModelKey="uddi:uddi.org:xml:namespace"/><ns4:keyedReference keyName="service local name" keyValue="Box_Content_API" tModelKey="uddi:uddi.org:xml:localname"/><ns4:keyedReferenceGroup tModelKey="uddi:soa.com:service:group"/></ns4:categoryBag></ns4:businessService><ns8:ExportServiceEndpoint><ns7:ServiceEndpoint><ns7:ServiceKey>uddi:26598b28-ba2b-11e4-b601-c3008ab26c84</ns7:ServiceKey><ns7:Name>uddi:274ec06c-ba2b-11e4-b601-c3008ab26c84</ns7:Name><ns7:Url>https://api.box.com/2.0</ns7:Url><ns7:BindingQName>{https://api.box.com/2.0}Box_Content_API_Binding</ns7:BindingQName><ns7:PortName>Box_Content_API_port</ns7:PortName><ns7:Protocol>https</ns7:Protocol></ns7:ServiceEndpoint><ns8:EndpointWsdlUri>wsdls/uddi_274ec06c-ba2b-11e4-b601-c3008ab26c84.wsdl</ns8:EndpointWsdlUri></ns8:ExportServiceEndpoint></ns8:ExportService></ns8:ExportObjectConfiguration><ns8:ExportObjectConfiguration><ns2:ServiceKey><ns2:Key>uddi:28af6d1c-ba2c-11e4-b601-c3008ab26c84</ns2:Key><ns2:ServiceQName>{https://pso.soa.com}Box_API_Hook</ns2:ServiceQName></ns2:ServiceKey><ns8:ExportService><VirtualService BusinessKey="uddi:84b50a64-ba29-11e4-b601-c3008ab26c84" ServiceKey="uddi:28af6d1c-ba2c-11e4-b601-c3008ab26c84" WsdlServiceLocalName="Box_API_Hook" WsdlTargetNamespaceUrl="https://pso.soa.com"><Name>Box_API_Hook</Name><Description></Description><Operations><LogicalOperation InterfaceName="{https://soa.com}Box_API_Hook_PortType" ManagementState="Enabled" NextHopOperationKey="uddi:b8f45d13-8b0f-11e4-afed-f7b5386a00f0$$${https://api.box.com/2.0}Box_Content_API_PortType$$$POST__folders" NextHopOperationName="POST /files/content" NextHopServiceKey="uddi:6db7ec70-909e-11e4-a66e-cc30e22db7ff" NextHopServiceName="Box_Upload_API" NumOfVirtualizedOperations="0" OperationKey="28dbfb60-ba2c-11e4-b601-c3008ab26c84" OperationLastUpdatedAt="2015-02-22T01:31:18.573Z" OperationName="PUT /file" PolicyAvailable="true" ServiceKey="uddi:28af6d1c-ba2c-11e4-b601-c3008ab26c84" WsdlOperationName="PUT__file"><NextHopOperation InterfaceName="{https://upload.box.com/api/2.0}Box_Upload_API_PortType" OperationKey="a45f6eda-97c0-11e4-bfec-8fb3ddad882e" OperationLastUpdatedAt="2015-01-09T05:30:37.990Z" OperationName="POST /files/content" ServiceKey="uddi:6db7ec70-909e-11e4-a66e-cc30e22db7ff" ServiceName="Box_Upload_API" WsdlOperationName="POST__files_content"/></LogicalOperation></Operations></VirtualService><ns4:businessService businessKey="uddi:84b50a64-ba29-11e4-b601-c3008ab26c84" serviceKey="uddi:28af6d1c-ba2c-11e4-b601-c3008ab26c84"><ns4:name>Box_API_Hook</ns4:name><ns4:bindingTemplates><ns4:bindingTemplate bindingKey="uddi:28f6fd74-ba2c-11e4-b601-c3008ab26c84" serviceKey="uddi:28af6d1c-ba2c-11e4-b601-c3008ab26c84"><ns4:accessPoint useType="endPoint">http://win7-64-vm:80/box</ns4:accessPoint><ns4:tModelInstanceDetails><ns4:tModelInstanceInfo tModelKey="uddi:0baedce4-2aa2-9c7c-492f-4dbc49763987"><ns4:description>The wsdl:binding that this wsdl:port implements. The instanceParms specifies the port local name.</ns4:description><ns4:instanceDetails><ns4:instanceParms>HTTP</ns4:instanceParms></ns4:instanceDetails></ns4:tModelInstanceInfo><ns4:tModelInstanceInfo tModelKey="uddi:f25d4f0c-9697-fa0b-ac9f-c128575cfa3e"><ns4:description>The wsdl:portType that this wsdl:port implements.</ns4:description></ns4:tModelInstanceInfo></ns4:tModelInstanceDetails><ns4:categoryBag><ns4:keyedReference keyName="WSDL type" keyValue="port" tModelKey="uddi:uddi.org:wsdl:types"/><ns4:keyedReferenceGroup tModelKey="uddi:soa.com:serviceendpoint:group"><ns4:keyedReference keyName="containerKey" keyValue="ND-Cluster" tModelKey="uddi:soa.com:serviceendpoint:containername"/><ns4:keyedReference keyName="listenerName" keyValue="default-http0" tModelKey="uddi:soa.com:serviceendpoint:listenername"/></ns4:keyedReferenceGroup></ns4:categoryBag></ns4:bindingTemplate></ns4:bindingTemplates><ns4:categoryBag><ns4:keyedReference keyName="Virtual Service" keyValue="Virtual Service" tModelKey="uddi:digev.com:categorization:services"/><ns4:keyedReference keyName="Design" keyValue="Design" tModelKey="uddi:soa.com:servicelifecyclestage"/><ns4:keyedReference keyName="WSDL type" keyValue="service" tModelKey="uddi:uddi.org:wsdl:types"/><ns4:keyedReference keyName="service namespace" keyValue="https://pso.soa.com" tModelKey="uddi:uddi.org:xml:namespace"/><ns4:keyedReference keyName="service local name" keyValue="Box_API_Hook" tModelKey="uddi:uddi.org:xml:localname"/><ns4:keyedReference keyName="Managed Service" keyValue="Managed Service" tModelKey="uddi:digev.com:categorization:services"/><ns4:keyedReferenceGroup tModelKey="uddi:soa.com:service:group"/></ns4:categoryBag></ns4:businessService><ns8:ExportServiceEndpoint><ns7:ServiceEndpoint><ns7:ServiceKey>uddi:28af6d1c-ba2c-11e4-b601-c3008ab26c84</ns7:ServiceKey><ns7:Name>uddi:28f6fd74-ba2c-11e4-b601-c3008ab26c84</ns7:Name><ns7:Url>http://win7-64-vm:80/box</ns7:Url><ns7:BindingQName>{https://soa.com}Box_API_Hook_Binding</ns7:BindingQName><ns7:PortName>HTTP</ns7:PortName><ns7:Protocol>http</ns7:Protocol><ns7:ContainerKey>ND-Cluster</ns7:ContainerKey><ns7:ListenerName>default-http0</ns7:ListenerName></ns7:ServiceEndpoint><ns8:EndpointWsdlUri>wsdls/uddi_28f6fd74-ba2c-11e4-b601-c3008ab26c84.wsdl</ns8:EndpointWsdlUri></ns8:ExportServiceEndpoint><ns8:BpelUri>services/uddi_28af6d1c-ba2c-11e4-b601-c3008ab26c84/bpel.xml</ns8:BpelUri><ns8:ManagementUri>services/uddi_28af6d1c-ba2c-11e4-b601-c3008ab26c84/management.xml</ns8:ManagementUri></ns8:ExportService></ns8:ExportObjectConfiguration><ns8:ExportObjectConfiguration><ns2:ServiceKey><ns2:Key>uddi:7d9404d0-ba2b-11e4-b601-c3008ab26c84</ns2:Key><ns2:ServiceQName>{https://upload.box.com/api/2.0/Hook}Box_Upload_API</ns2:ServiceQName></ns2:ServiceKey><ns8:ExportService><PhysicalService BusinessKey="uddi:84b50a64-ba29-11e4-b601-c3008ab26c84" Discovered="false" ServiceKey="uddi:7d9404d0-ba2b-11e4-b601-c3008ab26c84" WsdlServiceLocalName="Box_Upload_API" WsdlTargetNamespaceUrl="https://upload.box.com/api/2.0/Hook"><Name>Box_Upload_API</Name><Description></Description><Operations><Operation InterfaceName="{https://upload.box.com/api/2.0}Box_Upload_API_PortType" ManagementState="Enabled" NumOfVirtualizedOperations="0" OperationKey="7db8f1f4-ba2b-11e4-b601-c3008ab26c84" OperationLastUpdatedAt="2015-02-22T00:41:08.460Z" OperationName="POST /files/content" PolicyAvailable="true" ServiceKey="uddi:7d9404d0-ba2b-11e4-b601-c3008ab26c84" WsdlOperationName="POST__files_content"/></Operations></PhysicalService><ns4:businessService businessKey="uddi:84b50a64-ba29-11e4-b601-c3008ab26c84" serviceKey="uddi:7d9404d0-ba2b-11e4-b601-c3008ab26c84"><ns4:name>Box_Upload_API</ns4:name><ns4:bindingTemplates><ns4:bindingTemplate bindingKey="uddi:7dc240c8-ba2b-11e4-b601-c3008ab26c84" serviceKey="uddi:7d9404d0-ba2b-11e4-b601-c3008ab26c84"><ns4:accessPoint useType="endPoint">https://upload.box.com/api/2.0</ns4:accessPoint><ns4:tModelInstanceDetails><ns4:tModelInstanceInfo tModelKey="uddi:d800bc7d-5013-70c3-fdcc-e29575ddf512"><ns4:description>The wsdl:binding that this wsdl:port implements. The instanceParms specifies the port local name.</ns4:description><ns4:instanceDetails><ns4:instanceParms>Box_Upload_API_port</ns4:instanceParms></ns4:instanceDetails></ns4:tModelInstanceInfo><ns4:tModelInstanceInfo tModelKey="uddi:dbaa2f45-6322-c6e4-4e86-fcbf6735bf34"><ns4:description>The wsdl:portType that this wsdl:port implements.</ns4:description></ns4:tModelInstanceInfo></ns4:tModelInstanceDetails><ns4:categoryBag><ns4:keyedReference keyName="WSDL type" keyValue="port" tModelKey="uddi:uddi.org:wsdl:types"/></ns4:categoryBag></ns4:bindingTemplate></ns4:bindingTemplates><ns4:categoryBag><ns4:keyedReference keyName="Design" keyValue="Design" tModelKey="uddi:soa.com:servicelifecyclestage"/><ns4:keyedReference keyName="1.0" keyValue="dbc5960f-7a38-4c5f-8344-e23acf79e5bf" tModelKey="uddi:soa.com:serviceversion"/><ns4:keyedReference keyName="WSDL type" keyValue="service" tModelKey="uddi:uddi.org:wsdl:types"/><ns4:keyedReference keyName="service namespace" keyValue="https://upload.box.com/api/2.0/Hook" tModelKey="uddi:uddi.org:xml:namespace"/><ns4:keyedReference keyName="service local name" keyValue="Box_Upload_API" tModelKey="uddi:uddi.org:xml:localname"/><ns4:keyedReferenceGroup tModelKey="uddi:soa.com:service:group"/></ns4:categoryBag></ns4:businessService><ns8:ExportServiceEndpoint><ns7:ServiceEndpoint><ns7:ServiceKey>uddi:7d9404d0-ba2b-11e4-b601-c3008ab26c84</ns7:ServiceKey><ns7:Name>uddi:7dc240c8-ba2b-11e4-b601-c3008ab26c84</ns7:Name><ns7:Url>https://upload.box.com/api/2.0</ns7:Url><ns7:BindingQName>{https://upload.box.com/api/2.0}Box_Upload_API_Binding</ns7:BindingQName><ns7:PortName>Box_Upload_API_port</ns7:PortName><ns7:Protocol>https</ns7:Protocol></ns7:ServiceEndpoint><ns8:EndpointWsdlUri>wsdls/uddi_7dc240c8-ba2b-11e4-b601-c3008ab26c84.wsdl</ns8:EndpointWsdlUri></ns8:ExportServiceEndpoint></ns8:ExportService></ns8:ExportObjectConfiguration><ns8:ExportObjectConfiguration><ns2:ContractKey><ns2:Key>8e29fbd1-ba30-11e4-b601-c3008ab26c84</ns2:Key></ns2:ContractKey><ns8:ExportContract><ns11:Contract><ns11:ContractInfo Anonymous="true" Key="8e29fbd1-ba30-11e4-b601-c3008ab26c84:1131" Name="Anonymous" State="Activated"><ns11:Description></ns11:Description><ns11:ProviderOrganizationKey>uddi:84b50a64-ba29-11e4-b601-c3008ab26c84</ns11:ProviderOrganizationKey><ns2:EffectiveDateTimes><ns2:StartDateTime><ns2:DateTime>2015-02-22T12:17:00+11:00</ns2:DateTime><ns2:TimezoneName>Australia/Sydney</ns2:TimezoneName></ns2:StartDateTime><ns2:EndDateTime><ns2:DateTime>2016-02-22T12:17:00+11:00</ns2:DateTime><ns2:TimezoneName>Australia/Sydney</ns2:TimezoneName></ns2:EndDateTime><ns2:Expire>false</ns2:Expire></ns2:EffectiveDateTimes><ns11:ContractVersionInfo><ns11:LastModifiedTimestamp>2015-02-22+11:00</ns11:LastModifiedTimestamp><ns11:User>Local Domain\administrator</ns11:User><ns11:MetadataVersion>1</ns11:MetadataVersion><ns11:ActiveMetadataVersion>1</ns11:ActiveMetadataVersion></ns11:ContractVersionInfo><ns11:ContractType>service.contract</ns11:ContractType></ns11:ContractInfo><ns11:ContractScope><ns2:OrganizationKey>uddi:84b50a64-ba29-11e4-b601-c3008ab26c84</ns2:OrganizationKey></ns11:ContractScope></ns11:Contract></ns8:ExportContract></ns8:ExportObjectConfiguration><ns8:ExportObjectConfiguration><ns2:IdentityKey><ns2:Key>Local Domain\F+9bUkL#GNfPx#GY#cJ+OQ==</ns2:Key><ns2:DomainName>Local Domain</ns2:DomainName><ns2:UserName>F+9bUkL#GNfPx#GY#cJ+OQ==</ns2:UserName></ns2:IdentityKey><ns8:ExportUserIdentity><ns15:User DomainName="Local Domain" UserName="F+9bUkL#GNfPx#GY#cJ+OQ=="><ns15:FullName>Service: uddi:7d9404d0-ba2b-11e4-b601-c3008ab26c84</ns15:FullName><ns15:IdentityKey>urn:uuid:7d94ef31-ba2b-11e4-b601-c3008ab26c84</ns15:IdentityKey><ns15:Password>BwRe7nLMchsRBlOsXxPYS/+McXxm6BAmOqZrbpHyahetCqsXLPHIE73VK8YyHeS0GwzlUNv+xj0ED1rP+DVTSg==</ns15:Password><ns15:Disabled>false</ns15:Disabled><ns15:ForcePwdResetOnNextLogin>false</ns15:ForcePwdResetOnNextLogin><ns15:Expired>false</ns15:Expired><ns15:ReadOnly>true</ns15:ReadOnly><ns15:PasswordFrmSeed>0</ns15:PasswordFrmSeed><ns15:OrganizationKey>uddi:soa.com:registryorganization</ns15:OrganizationKey><ns15:PasswordSalt>kdYfTW75qAA+MkEdlpMIImJeLX9THO2qVwKqyVkbh0Qbcctdyn/UFTdJ6jEQ6JVthpPO4nPXQwzMDYHMzuDWXA==</ns15:PasswordSalt></ns15:User><ns8:PKIGenerated>true</ns8:PKIGenerated></ns8:ExportUserIdentity></ns8:ExportObjectConfiguration><ns8:ExportObjectConfiguration><ns2:IdentityKey><ns2:Key>Local Domain\rxXv4yYGuJzWt4TBnsgl2A==</ns2:Key><ns2:DomainName>Local Domain</ns2:DomainName><ns2:UserName>rxXv4yYGuJzWt4TBnsgl2A==</ns2:UserName></ns2:IdentityKey><ns8:ExportUserIdentity><ns15:User DomainName="Local Domain" UserName="rxXv4yYGuJzWt4TBnsgl2A=="><ns15:FullName>Service: uddi:26598b28-ba2b-11e4-b601-c3008ab26c84</ns15:FullName><ns15:IdentityKey>urn:uuid:265b86f9-ba2b-11e4-b601-c3008ab26c84</ns15:IdentityKey><ns15:Password>MK6LFCj5GcBaNxzP0SENVe5jagRNJwcH4JqkE/0Cln2aNTJfkIDe+sEkGEWIpXLt0+WpURDMqab/+fr1kd4LJg==</ns15:Password><ns15:Disabled>false</ns15:Disabled><ns15:ForcePwdResetOnNextLogin>false</ns15:ForcePwdResetOnNextLogin><ns15:Expired>false</ns15:Expired><ns15:ReadOnly>true</ns15:ReadOnly><ns15:PasswordFrmSeed>0</ns15:PasswordFrmSeed><ns15:OrganizationKey>uddi:soa.com:registryorganization</ns15:OrganizationKey><ns15:PasswordSalt>P8fcXn3sY7Z9JPnZaIBM91xspN11p/mWng3px9guOKOxPJK60N8ncEWZSv2g/KYKLZWAxd13EXBz3pf+7VjK0A==</ns15:PasswordSalt></ns15:User><ns8:PKIGenerated>true</ns8:PKIGenerated></ns8:ExportUserIdentity></ns8:ExportObjectConfiguration><ns8:ExportObjectConfiguration><ns2:IdentityKey><ns2:Key>Local Domain\Usua+e5w4uvCSFom5Xo7Pw==</ns2:Key><ns2:DomainName>Local Domain</ns2:DomainName><ns2:UserName>Usua+e5w4uvCSFom5Xo7Pw==</ns2:UserName></ns2:IdentityKey><ns8:ExportUserIdentity><ns15:User DomainName="Local Domain" UserName="Usua+e5w4uvCSFom5Xo7Pw=="><ns15:FullName>Service: uddi:28af6d1c-ba2c-11e4-b601-c3008ab26c84</ns15:FullName><ns15:IdentityKey>urn:uuid:28b2c87d-ba2c-11e4-b601-c3008ab26c84</ns15:IdentityKey><ns15:Password>fBxKNx/Zk4iPhrfEQKBBtpTB41yx1h9zBxYwMdlNUWlHoBUo2hu+Gu27lI/Mdz/iK12lENHJJ1iBNL9zY5Pgbw==</ns15:Password><ns15:Disabled>false</ns15:Disabled><ns15:ForcePwdResetOnNextLogin>false</ns15:ForcePwdResetOnNextLogin><ns15:Expired>false</ns15:Expired><ns15:ReadOnly>true</ns15:ReadOnly><ns15:PasswordFrmSeed>0</ns15:PasswordFrmSeed><ns15:OrganizationKey>uddi:soa.com:registryorganization</ns15:OrganizationKey><ns15:PasswordSalt>cO2tTs60qNf2lkNPw2mo0ZAOFXCNOPytQaTYfXvr6nTPQN1Ainaoe2tXKsMdWQbZh/sOYZY+iyI5avWJI1BjQw==</ns15:PasswordSalt></ns15:User><ns8:PKIGenerated>true</ns8:PKIGenerated></ns8:ExportUserIdentity></ns8:ExportObjectConfiguration></ns8:ExportConfiguration>