<?xml version="1.0" encoding="UTF-8"?>
<ns8:ExportConfiguration xmlns="http://digev.com/uri/products/ManagementServer/xsd/1.0" xmlns:ns10="http://soa.com/uri/products/Policy/xsd/1.0" xmlns:ns11="http://soa.com/uri/products/Contracts/xsd/1.0" xmlns:ns12="http://soa.com/uri/products/IdentityAuthorization/xsd/1.0" xmlns:ns13="http://soa.com/uri/products/Organization/xsd/1.0" xmlns:ns14="http://digev.com/uri/products/AlertManager/xsd/1.0" xmlns:ns15="http://digev.com/uri/products/PolicyManager/xsd/1.0" xmlns:ns2="http://digev.com/uri/products/Types/xsd/1.0" xmlns:ns3="http://www.soa.com/uri/products/SLAPolicy/xsd/1.0" xmlns:ns4="urn:uddi-org:api_v3" xmlns:ns5="http://www.w3.org/2000/09/xmldsig#" xmlns:ns6="http://soa.com/uri/products/ServiceProperties/1.0" xmlns:ns7="http://soa.com/uri/products/ServiceEndpointProperties/1.0" xmlns:ns8="http://www.soa.com/uri/products/ServiceManagerMigration/xsd/1.0" xmlns:ns9="urn:uddi-org:sub_v3"><ns8:SourceOrganization><ns2:Key>uddi:soa.com:registryorganization</ns2:Key></ns8:SourceOrganization><ns8:ExportObjectConfiguration><ns2:OrganizationKey><ns2:Key>uddi:88af7f2a-b593-11e4-86ce-86c450a25418</ns2:Key></ns2:OrganizationKey><ns8:ExportOrganization><ns13:Organization><ns13:OrganizationKey><ns2:Key>uddi:88af7f2a-b593-11e4-86ce-86c450a25418</ns2:Key></ns13:OrganizationKey><ns13:ParentKey><ns2:Key>uddi:soa.com:registryorganization</ns2:Key></ns13:ParentKey><ns13:Name>Box API Hook</ns13:Name><ns13:Description></ns13:Description><ns13:OrganizationType>Project</ns13:OrganizationType></ns13:Organization><ns4:businessEntity businessKey="uddi:88af7f2a-b593-11e4-86ce-86c450a25418"><ns4:name>Box API Hook</ns4:name><ns4:categoryBag><ns4:keyedReferenceGroup tModelKey="uddi:soa.com:organization:group"><ns4:keyedReference keyName="Organization type" keyValue="Project" tModelKey="uddi:soa.com:categorization:organizationtype"/></ns4:keyedReferenceGroup></ns4:categoryBag></ns4:businessEntity></ns8:ExportOrganization></ns8:ExportObjectConfiguration><ns8:ExportObjectConfiguration><ns2:BpelKey><ns2:Key>bpel:d1707c3b-97a7-11e4-abdd-d03357eba449</ns2:Key></ns2:BpelKey><ns8:ExportBpel><ns8:BpelUri>bpels/bpel_d1707c3b-97a7-11e4-abdd-d03357eba449.xml</ns8:BpelUri></ns8:ExportBpel></ns8:ExportObjectConfiguration><ns8:ExportObjectConfiguration><ns2:BpelKey><ns2:Key>bpel:80fb588f-70d8-11e4-aac9-abab048c21b3</ns2:Key></ns2:BpelKey><ns8:ExportBpel><ns8:BpelUri>bpels/bpel_80fb588f-70d8-11e4-aac9-abab048c21b3.xml</ns8:BpelUri></ns8:ExportBpel></ns8:ExportObjectConfiguration><ns8:ExportObjectConfiguration><ns2:BpelKey><ns2:Key>bpel:581480b3-9c76-11e4-86cb-9dd3afff76de</ns2:Key></ns2:BpelKey><ns8:ExportBpel><ns8:BpelUri>bpels/bpel_581480b3-9c76-11e4-86cb-9dd3afff76de.xml</ns8:BpelUri></ns8:ExportBpel></ns8:ExportObjectConfiguration><ns8:ExportObjectConfiguration><ns2:BpelKey><ns2:Key>bpel:03d67568-73ec-11e4-8041-92f47835f0a7</ns2:Key></ns2:BpelKey><ns8:ExportBpel><ns8:BpelUri>bpels/bpel_03d67568-73ec-11e4-8041-92f47835f0a7.xml</ns8:BpelUri></ns8:ExportBpel></ns8:ExportObjectConfiguration><ns8:ExportObjectConfiguration><ns2:BpelKey><ns2:Key>bpel:8ca4ddeb-8a4c-11e4-b5c8-fd5ef4f56435</ns2:Key></ns2:BpelKey><ns8:ExportBpel><ns8:BpelUri>bpels/bpel_8ca4ddeb-8a4c-11e4-b5c8-fd5ef4f56435.xml</ns8:BpelUri></ns8:ExportBpel></ns8:ExportObjectConfiguration><ns8:ExportObjectConfiguration><ns2:BpelKey><ns2:Key>bpel:ec5880c3-73e7-11e4-8041-92f47835f0a7</ns2:Key></ns2:BpelKey><ns8:ExportBpel><ns8:BpelUri>bpels/bpel_ec5880c3-73e7-11e4-8041-92f47835f0a7.xml</ns8:BpelUri></ns8:ExportBpel></ns8:ExportObjectConfiguration><ns8:ExportObjectConfiguration><ns2:BpelKey><ns2:Key>bpel:bf1a3a40-8a3e-11e4-b5c8-fd5ef4f56435</ns2:Key></ns2:BpelKey><ns8:ExportBpel><ns8:BpelUri>bpels/bpel_bf1a3a40-8a3e-11e4-b5c8-fd5ef4f56435.xml</ns8:BpelUri></ns8:ExportBpel></ns8:ExportObjectConfiguration><ns8:ExportObjectConfiguration><ns2:BpelKey><ns2:Key>bpel:6baecaf4-6f33-11e4-8fed-dad2b3c7c30a</ns2:Key></ns2:BpelKey><ns8:ExportBpel><ns8:BpelUri>bpels/bpel_6baecaf4-6f33-11e4-8fed-dad2b3c7c30a.xml</ns8:BpelUri></ns8:ExportBpel></ns8:ExportObjectConfiguration><ns8:ExportObjectConfiguration><ns2:InterfaceKey><ns2:Key>uddi:0b497752-b926-ebf1-a0a8-ab60dabe1018</ns2:Key><ns2:InterfaceQName>{https://api.smartystreets.com}SmartyStreets_API_PortType</ns2:InterfaceQName></ns2:InterfaceKey><ns8:ExportInterface><ns4:tModel deleted="false" tModelKey="uddi:0b497752-b926-ebf1-a0a8-ab60dabe1018"><ns4:name>SmartyStreets_API_PortType</ns4:name><ns4:categoryBag><ns4:keyedReference keyName="WSDL type" keyValue="portType" tModelKey="uddi:uddi.org:wsdl:types"/><ns4:keyedReference keyName="portType namespace" keyValue="https://api.smartystreets.com" tModelKey="uddi:uddi.org:xml:namespace"/></ns4:categoryBag></ns4:tModel><ns8:InterfaceWsdlUri>wsdls/uddi_0b497752-b926-ebf1-a0a8-ab60dabe1018.wsdl</ns8:InterfaceWsdlUri></ns8:ExportInterface></ns8:ExportObjectConfiguration><ns8:ExportObjectConfiguration><ns2:InterfaceKey><ns2:Key>uddi:92a520cb-7787-53fd-1cc4-815a6d572734</ns2:Key><ns2:InterfaceQName>{https://na4.salesforce.com/services/data/v20.0/}SalesforceV20_API_PortType</ns2:InterfaceQName></ns2:InterfaceKey><ns8:ExportInterface><ns4:tModel deleted="false" tModelKey="uddi:92a520cb-7787-53fd-1cc4-815a6d572734"><ns4:name>SalesforceV20_API_PortType</ns4:name><ns4:categoryBag><ns4:keyedReference keyName="WSDL type" keyValue="portType" tModelKey="uddi:uddi.org:wsdl:types"/><ns4:keyedReference keyName="portType namespace" keyValue="https://na4.salesforce.com/services/data/v20.0/" tModelKey="uddi:uddi.org:xml:namespace"/></ns4:categoryBag></ns4:tModel><ns8:InterfaceWsdlUri>wsdls/uddi_92a520cb-7787-53fd-1cc4-815a6d572734.wsdl</ns8:InterfaceWsdlUri></ns8:ExportInterface></ns8:ExportObjectConfiguration><ns8:ExportObjectConfiguration><ns2:InterfaceKey><ns2:Key>uddi:2efde530-cd3d-3bf4-8035-f4eef7bdb6ee</ns2:Key><ns2:InterfaceQName>{https://login.salesforce.com/services/oauth2}SalesforceAuthentication_PortType</ns2:InterfaceQName></ns2:InterfaceKey><ns8:ExportInterface><ns4:tModel deleted="false" tModelKey="uddi:2efde530-cd3d-3bf4-8035-f4eef7bdb6ee"><ns4:name>SalesforceAuthentication_PortType</ns4:name><ns4:categoryBag><ns4:keyedReference keyName="WSDL type" keyValue="portType" tModelKey="uddi:uddi.org:wsdl:types"/><ns4:keyedReference keyName="portType namespace" keyValue="https://login.salesforce.com/services/oauth2" tModelKey="uddi:uddi.org:xml:namespace"/></ns4:categoryBag></ns4:tModel><ns8:InterfaceWsdlUri>wsdls/uddi_2efde530-cd3d-3bf4-8035-f4eef7bdb6ee.wsdl</ns8:InterfaceWsdlUri></ns8:ExportInterface></ns8:ExportObjectConfiguration><ns8:ExportObjectConfiguration><ns2:InterfaceKey><ns2:Key>uddi:dbaa2f45-6322-c6e4-4e86-fcbf6735bf34</ns2:Key><ns2:InterfaceQName>{https://upload.box.com/api/2.0}Box_Upload_API_PortType</ns2:InterfaceQName></ns2:InterfaceKey><ns8:ExportInterface><ns4:tModel deleted="false" tModelKey="uddi:dbaa2f45-6322-c6e4-4e86-fcbf6735bf34"><ns4:name>Box_Upload_API_PortType</ns4:name><ns4:categoryBag><ns4:keyedReference keyName="portType namespace" keyValue="https://upload.box.com/api/2.0" tModelKey="uddi:uddi.org:xml:namespace"/><ns4:keyedReference keyName="WSDL type" keyValue="portType" tModelKey="uddi:uddi.org:wsdl:types"/></ns4:categoryBag></ns4:tModel><ns8:InterfaceWsdlUri>wsdls/uddi_dbaa2f45-6322-c6e4-4e86-fcbf6735bf34.wsdl</ns8:InterfaceWsdlUri></ns8:ExportInterface></ns8:ExportObjectConfiguration><ns8:ExportObjectConfiguration><ns2:InterfaceKey><ns2:Key>uddi:61e46aa5-e601-6282-cc07-c03508f4d477</ns2:Key><ns2:InterfaceQName>{https://api.box.com/2.0}Box_Content_API_PortType</ns2:InterfaceQName></ns2:InterfaceKey><ns8:ExportInterface><ns4:tModel deleted="false" tModelKey="uddi:61e46aa5-e601-6282-cc07-c03508f4d477"><ns4:name>Box_Content_API_PortType</ns4:name><ns4:categoryBag><ns4:keyedReference keyName="portType namespace" keyValue="https://api.box.com/2.0" tModelKey="uddi:uddi.org:xml:namespace"/><ns4:keyedReference keyName="WSDL type" keyValue="portType" tModelKey="uddi:uddi.org:wsdl:types"/></ns4:categoryBag></ns4:tModel><ns8:InterfaceWsdlUri>wsdls/uddi_61e46aa5-e601-6282-cc07-c03508f4d477.wsdl</ns8:InterfaceWsdlUri></ns8:ExportInterface></ns8:ExportObjectConfiguration><ns8:ExportObjectConfiguration><ns2:InterfaceKey><ns2:Key>uddi:838058e8-719a-0621-8ec4-d95d25e5a856</ns2:Key><ns2:InterfaceQName>{https://api.mailgun.net/v2}MailGun_API_PortType</ns2:InterfaceQName></ns2:InterfaceKey><ns8:ExportInterface><ns4:tModel deleted="false" tModelKey="uddi:838058e8-719a-0621-8ec4-d95d25e5a856"><ns4:name>MailGun_API_PortType</ns4:name><ns4:categoryBag><ns4:keyedReference keyName="WSDL type" keyValue="portType" tModelKey="uddi:uddi.org:wsdl:types"/><ns4:keyedReference keyName="portType namespace" keyValue="https://api.mailgun.net/v2" tModelKey="uddi:uddi.org:xml:namespace"/></ns4:categoryBag></ns4:tModel><ns8:InterfaceWsdlUri>wsdls/uddi_838058e8-719a-0621-8ec4-d95d25e5a856.wsdl</ns8:InterfaceWsdlUri></ns8:ExportInterface></ns8:ExportObjectConfiguration><ns8:ExportObjectConfiguration><ns2:InterfaceKey><ns2:Key>uddi:d20279c4-855f-b85a-8e68-a4e710409060</ns2:Key><ns2:InterfaceQName>{http://www.soa.com/trialleads}TrialLeads_API_PortType</ns2:InterfaceQName></ns2:InterfaceKey><ns8:ExportInterface><ns4:tModel deleted="false" tModelKey="uddi:d20279c4-855f-b85a-8e68-a4e710409060"><ns4:name>TrialLeads_API_PortType</ns4:name><ns4:categoryBag><ns4:keyedReference keyName="WSDL type" keyValue="portType" tModelKey="uddi:uddi.org:wsdl:types"/><ns4:keyedReference keyName="portType namespace" keyValue="http://www.soa.com/trialleads" tModelKey="uddi:uddi.org:xml:namespace"/></ns4:categoryBag></ns4:tModel><ns8:InterfaceWsdlUri>wsdls/uddi_d20279c4-855f-b85a-8e68-a4e710409060.wsdl</ns8:InterfaceWsdlUri></ns8:ExportInterface></ns8:ExportObjectConfiguration><ns8:ExportObjectConfiguration><ns2:InterfaceKey><ns2:Key>uddi:5cb9f1b6-9efb-5a81-0cc7-0a7a998853cf</ns2:Key><ns2:InterfaceQName>{http://localhost:3500}Crest_PortType</ns2:InterfaceQName></ns2:InterfaceKey><ns8:ExportInterface><ns4:tModel deleted="false" tModelKey="uddi:5cb9f1b6-9efb-5a81-0cc7-0a7a998853cf"><ns4:name>Crest_PortType</ns4:name><ns4:categoryBag><ns4:keyedReference keyName="WSDL type" keyValue="portType" tModelKey="uddi:uddi.org:wsdl:types"/><ns4:keyedReference keyName="portType namespace" keyValue="http://localhost:3500" tModelKey="uddi:uddi.org:xml:namespace"/></ns4:categoryBag></ns4:tModel><ns8:InterfaceWsdlUri>wsdls/uddi_5cb9f1b6-9efb-5a81-0cc7-0a7a998853cf.wsdl</ns8:InterfaceWsdlUri></ns8:ExportInterface></ns8:ExportObjectConfiguration><ns8:ExportObjectConfiguration><ns2:BindingKey><ns2:Key>uddi:b54590a9-ff8e-98fe-0deb-60488f3cd591</ns2:Key><ns2:BindingQName>{https://api.smartystreets.com}SmartyStreets_API_Binding</ns2:BindingQName><ns2:BindingType>binding.http</ns2:BindingType></ns2:BindingKey><ns8:ExportBinding><ns4:tModel deleted="false" tModelKey="uddi:b54590a9-ff8e-98fe-0deb-60488f3cd591"><ns4:name>SmartyStreets_API_Binding</ns4:name><ns4:categoryBag><ns4:keyedReference keyName="uddi-org:types" keyValue="wsdlSpec" tModelKey="uddi:uddi.org:categorization:types"/><ns4:keyedReference keyName="portType Reference" keyValue="uddi:0b497752-b926-ebf1-a0a8-ab60dabe1018" tModelKey="uddi:uddi.org:wsdl:porttypereference"/><ns4:keyedReference keyName="WSDL type" keyValue="binding" tModelKey="uddi:uddi.org:wsdl:types"/><ns4:keyedReference keyName="binding namespace" keyValue="https://api.smartystreets.com" tModelKey="uddi:uddi.org:xml:namespace"/></ns4:categoryBag></ns4:tModel><ns8:BindingWsdlUri>wsdls/uddi_b54590a9-ff8e-98fe-0deb-60488f3cd591.wsdl</ns8:BindingWsdlUri></ns8:ExportBinding></ns8:ExportObjectConfiguration><ns8:ExportObjectConfiguration><ns2:BindingKey><ns2:Key>uddi:10cecae7-8cef-20d3-cd83-ecf77402aa6c</ns2:Key><ns2:BindingQName>{https://na4.salesforce.com/services/data/v20.0/}SalesforceV20_API_Binding</ns2:BindingQName><ns2:BindingType>binding.http</ns2:BindingType></ns2:BindingKey><ns8:ExportBinding><ns4:tModel deleted="false" tModelKey="uddi:10cecae7-8cef-20d3-cd83-ecf77402aa6c"><ns4:name>SalesforceV20_API_Binding</ns4:name><ns4:categoryBag><ns4:keyedReference keyName="uddi-org:types" keyValue="wsdlSpec" tModelKey="uddi:uddi.org:categorization:types"/><ns4:keyedReference keyName="portType Reference" keyValue="uddi:92a520cb-7787-53fd-1cc4-815a6d572734" tModelKey="uddi:uddi.org:wsdl:porttypereference"/><ns4:keyedReference keyName="WSDL type" keyValue="binding" tModelKey="uddi:uddi.org:wsdl:types"/><ns4:keyedReference keyName="binding namespace" keyValue="https://na4.salesforce.com/services/data/v20.0/" tModelKey="uddi:uddi.org:xml:namespace"/></ns4:categoryBag></ns4:tModel><ns8:BindingWsdlUri>wsdls/uddi_10cecae7-8cef-20d3-cd83-ecf77402aa6c.wsdl</ns8:BindingWsdlUri></ns8:ExportBinding></ns8:ExportObjectConfiguration><ns8:ExportObjectConfiguration><ns2:BindingKey><ns2:Key>uddi:69eb6109-5a11-7127-04a4-f1f28b7ecf04</ns2:Key><ns2:BindingQName>{https://login.salesforce.com/services/oauth2}SalesforceAuthentication_Binding</ns2:BindingQName><ns2:BindingType>binding.http</ns2:BindingType></ns2:BindingKey><ns8:ExportBinding><ns4:tModel deleted="false" tModelKey="uddi:69eb6109-5a11-7127-04a4-f1f28b7ecf04"><ns4:name>SalesforceAuthentication_Binding</ns4:name><ns4:categoryBag><ns4:keyedReference keyName="uddi-org:types" keyValue="wsdlSpec" tModelKey="uddi:uddi.org:categorization:types"/><ns4:keyedReference keyName="portType Reference" keyValue="uddi:2efde530-cd3d-3bf4-8035-f4eef7bdb6ee" tModelKey="uddi:uddi.org:wsdl:porttypereference"/><ns4:keyedReference keyName="WSDL type" keyValue="binding" tModelKey="uddi:uddi.org:wsdl:types"/><ns4:keyedReference keyName="binding namespace" keyValue="https://login.salesforce.com/services/oauth2" tModelKey="uddi:uddi.org:xml:namespace"/></ns4:categoryBag></ns4:tModel><ns8:BindingWsdlUri>wsdls/uddi_69eb6109-5a11-7127-04a4-f1f28b7ecf04.wsdl</ns8:BindingWsdlUri></ns8:ExportBinding></ns8:ExportObjectConfiguration><ns8:ExportObjectConfiguration><ns2:BindingKey><ns2:Key>uddi:f37b3f7f-8726-5ebd-c08f-54d82387f13e</ns2:Key><ns2:BindingQName>{https://api.mailgun.net/v2}MailGun_API_Binding</ns2:BindingQName><ns2:BindingType>binding.http</ns2:BindingType></ns2:BindingKey><ns8:ExportBinding><ns4:tModel deleted="false" tModelKey="uddi:f37b3f7f-8726-5ebd-c08f-54d82387f13e"><ns4:name>MailGun_API_Binding</ns4:name><ns4:categoryBag><ns4:keyedReference keyName="uddi-org:types" keyValue="wsdlSpec" tModelKey="uddi:uddi.org:categorization:types"/><ns4:keyedReference keyName="portType Reference" keyValue="uddi:838058e8-719a-0621-8ec4-d95d25e5a856" tModelKey="uddi:uddi.org:wsdl:porttypereference"/><ns4:keyedReference keyName="WSDL type" keyValue="binding" tModelKey="uddi:uddi.org:wsdl:types"/><ns4:keyedReference keyName="binding namespace" keyValue="https://api.mailgun.net/v2" tModelKey="uddi:uddi.org:xml:namespace"/></ns4:categoryBag></ns4:tModel><ns8:BindingWsdlUri>wsdls/uddi_f37b3f7f-8726-5ebd-c08f-54d82387f13e.wsdl</ns8:BindingWsdlUri></ns8:ExportBinding></ns8:ExportObjectConfiguration><ns8:ExportObjectConfiguration><ns2:BindingKey><ns2:Key>uddi:9f05ea30-56bf-7e12-e754-4b6229200ef1</ns2:Key><ns2:BindingQName>{https://api.box.com/2.0}Box_Content_API_Binding</ns2:BindingQName><ns2:BindingType>binding.http</ns2:BindingType></ns2:BindingKey><ns8:ExportBinding><ns4:tModel deleted="false" tModelKey="uddi:9f05ea30-56bf-7e12-e754-4b6229200ef1"><ns4:name>Box_Content_API_Binding</ns4:name><ns4:categoryBag><ns4:keyedReference keyName="binding namespace" keyValue="https://api.box.com/2.0" tModelKey="uddi:uddi.org:xml:namespace"/><ns4:keyedReference keyName="WSDL type" keyValue="binding" tModelKey="uddi:uddi.org:wsdl:types"/><ns4:keyedReference keyName="portType Reference" keyValue="uddi:61e46aa5-e601-6282-cc07-c03508f4d477" tModelKey="uddi:uddi.org:wsdl:porttypereference"/><ns4:keyedReference keyName="uddi-org:types" keyValue="wsdlSpec" tModelKey="uddi:uddi.org:categorization:types"/></ns4:categoryBag></ns4:tModel><ns8:BindingWsdlUri>wsdls/uddi_9f05ea30-56bf-7e12-e754-4b6229200ef1.wsdl</ns8:BindingWsdlUri></ns8:ExportBinding></ns8:ExportObjectConfiguration><ns8:ExportObjectConfiguration><ns2:BindingKey><ns2:Key>uddi:d800bc7d-5013-70c3-fdcc-e29575ddf512</ns2:Key><ns2:BindingQName>{https://upload.box.com/api/2.0}Box_Upload_API_Binding</ns2:BindingQName><ns2:BindingType>binding.http</ns2:BindingType></ns2:BindingKey><ns8:ExportBinding><ns4:tModel deleted="false" tModelKey="uddi:d800bc7d-5013-70c3-fdcc-e29575ddf512"><ns4:name>Box_Upload_API_Binding</ns4:name><ns4:categoryBag><ns4:keyedReference keyName="binding namespace" keyValue="https://upload.box.com/api/2.0" tModelKey="uddi:uddi.org:xml:namespace"/><ns4:keyedReference keyName="WSDL type" keyValue="binding" tModelKey="uddi:uddi.org:wsdl:types"/><ns4:keyedReference keyName="portType Reference" keyValue="uddi:dbaa2f45-6322-c6e4-4e86-fcbf6735bf34" tModelKey="uddi:uddi.org:wsdl:porttypereference"/><ns4:keyedReference keyName="uddi-org:types" keyValue="wsdlSpec" tModelKey="uddi:uddi.org:categorization:types"/></ns4:categoryBag></ns4:tModel><ns8:BindingWsdlUri>wsdls/uddi_d800bc7d-5013-70c3-fdcc-e29575ddf512.wsdl</ns8:BindingWsdlUri></ns8:ExportBinding></ns8:ExportObjectConfiguration><ns8:ExportObjectConfiguration><ns2:BindingKey><ns2:Key>uddi:3843dedd-8d3e-3f89-0dd3-4983132d1fd0</ns2:Key><ns2:BindingQName>{http://www.soa.com/trialleads}TrialLeads_API_Binding</ns2:BindingQName><ns2:BindingType>binding.http</ns2:BindingType></ns2:BindingKey><ns8:ExportBinding><ns4:tModel deleted="false" tModelKey="uddi:3843dedd-8d3e-3f89-0dd3-4983132d1fd0"><ns4:name>TrialLeads_API_Binding</ns4:name><ns4:categoryBag><ns4:keyedReference keyName="uddi-org:types" keyValue="wsdlSpec" tModelKey="uddi:uddi.org:categorization:types"/><ns4:keyedReference keyName="portType Reference" keyValue="uddi:d20279c4-855f-b85a-8e68-a4e710409060" tModelKey="uddi:uddi.org:wsdl:porttypereference"/><ns4:keyedReference keyName="WSDL type" keyValue="binding" tModelKey="uddi:uddi.org:wsdl:types"/><ns4:keyedReference keyName="binding namespace" keyValue="http://www.soa.com/trialleads" tModelKey="uddi:uddi.org:xml:namespace"/></ns4:categoryBag></ns4:tModel><ns8:BindingWsdlUri>wsdls/uddi_3843dedd-8d3e-3f89-0dd3-4983132d1fd0.wsdl</ns8:BindingWsdlUri></ns8:ExportBinding></ns8:ExportObjectConfiguration><ns8:ExportObjectConfiguration><ns2:BindingKey><ns2:Key>uddi:6db383f2-9246-79fc-3d33-3873642526d2</ns2:Key><ns2:BindingQName>{http://localhost:3500}Crest_Binding</ns2:BindingQName><ns2:BindingType>binding.http</ns2:BindingType></ns2:BindingKey><ns8:ExportBinding><ns4:tModel deleted="false" tModelKey="uddi:6db383f2-9246-79fc-3d33-3873642526d2"><ns4:name>Crest_Binding</ns4:name><ns4:categoryBag><ns4:keyedReference keyName="uddi-org:types" keyValue="wsdlSpec" tModelKey="uddi:uddi.org:categorization:types"/><ns4:keyedReference keyName="portType Reference" keyValue="uddi:5cb9f1b6-9efb-5a81-0cc7-0a7a998853cf" tModelKey="uddi:uddi.org:wsdl:porttypereference"/><ns4:keyedReference keyName="WSDL type" keyValue="binding" tModelKey="uddi:uddi.org:wsdl:types"/><ns4:keyedReference keyName="binding namespace" keyValue="http://localhost:3500" tModelKey="uddi:uddi.org:xml:namespace"/></ns4:categoryBag></ns4:tModel><ns8:BindingWsdlUri>wsdls/uddi_6db383f2-9246-79fc-3d33-3873642526d2.wsdl</ns8:BindingWsdlUri></ns8:ExportBinding></ns8:ExportObjectConfiguration><ns8:ExportObjectConfiguration><ns2:ServiceKey><ns2:Key>uddi:ebad85bf-70d5-11e4-aac9-abab048c21b3</ns2:Key><ns2:ServiceQName>{https://api.mailgun.net/v2}MailGun_API</ns2:ServiceQName></ns2:ServiceKey><ns8:ExportService><PhysicalService BusinessKey="uddi:88af7f2a-b593-11e4-86ce-86c450a25418" Discovered="false" ServiceKey="uddi:ebad85bf-70d5-11e4-aac9-abab048c21b3" WsdlServiceLocalName="MailGun_API" WsdlTargetNamespaceUrl="https://api.mailgun.net/v2"><Name>MailGun_API</Name><Description></Description><Operations><Operation InterfaceName="{https://api.mailgun.net/v2}MailGun_API_PortType" ManagementState="Enabled" NumOfVirtualizedOperations="1" OperationKey="d68bab72-97c0-11e4-bfec-8fb3ddad882e" OperationLastUpdatedAt="2015-01-09T05:32:02.920Z" OperationName="GET /address/validate" PolicyAvailable="true" ServiceKey="uddi:ebad85bf-70d5-11e4-aac9-abab048c21b3" WsdlOperationName="GET__address_validate"/><Operation InterfaceName="{https://api.mailgun.net/v2}MailGun_API_PortType" ManagementState="Enabled" NumOfVirtualizedOperations="0" OperationKey="d68c47b4-97c0-11e4-bfec-8fb3ddad882e" OperationLastUpdatedAt="2015-01-09T05:32:02.920Z" OperationName="GET /lists/{address}/members" PolicyAvailable="true" ServiceKey="uddi:ebad85bf-70d5-11e4-aac9-abab048c21b3" WsdlOperationName="GET__lists__address__members"/><Operation InterfaceName="{https://api.mailgun.net/v2}MailGun_API_PortType" ManagementState="Enabled" NumOfVirtualizedOperations="1" OperationKey="d68ce3f6-97c0-11e4-bfec-8fb3ddad882e" OperationLastUpdatedAt="2015-01-09T05:32:02.920Z" OperationName="POST /lists/{address}/members" PolicyAvailable="true" ServiceKey="uddi:ebad85bf-70d5-11e4-aac9-abab048c21b3" WsdlOperationName="POST__lists__address__members"/></Operations></PhysicalService><ns4:businessService businessKey="uddi:88af7f2a-b593-11e4-86ce-86c450a25418" serviceKey="uddi:ebad85bf-70d5-11e4-aac9-abab048c21b3"><ns4:name>MailGun_API</ns4:name><ns4:bindingTemplates><ns4:bindingTemplate bindingKey="uddi:ebdc0fdd-70d5-11e4-aac9-abab048c21b3" serviceKey="uddi:ebad85bf-70d5-11e4-aac9-abab048c21b3"><ns4:accessPoint useType="endPoint">https://api.mailgun.net/v2</ns4:accessPoint><ns4:tModelInstanceDetails><ns4:tModelInstanceInfo tModelKey="uddi:f37b3f7f-8726-5ebd-c08f-54d82387f13e"><ns4:description>The wsdl:binding that this wsdl:port implements. The instanceParms specifies the port local name.</ns4:description><ns4:instanceDetails><ns4:instanceParms>MailGun_API_port</ns4:instanceParms></ns4:instanceDetails></ns4:tModelInstanceInfo><ns4:tModelInstanceInfo tModelKey="uddi:838058e8-719a-0621-8ec4-d95d25e5a856"><ns4:description>The wsdl:portType that this wsdl:port implements.</ns4:description></ns4:tModelInstanceInfo></ns4:tModelInstanceDetails><ns4:categoryBag><ns4:keyedReference keyName="WSDL type" keyValue="port" tModelKey="uddi:uddi.org:wsdl:types"/></ns4:categoryBag></ns4:bindingTemplate></ns4:bindingTemplates><ns4:categoryBag><ns4:keyedReference keyName="Staging" keyValue="Staging" tModelKey="uddi:soa.com:servicelifecyclestage"/><ns4:keyedReference keyName="WSDL type" keyValue="service" tModelKey="uddi:uddi.org:wsdl:types"/><ns4:keyedReference keyName="service namespace" keyValue="https://api.mailgun.net/v2" tModelKey="uddi:uddi.org:xml:namespace"/><ns4:keyedReference keyName="service local name" keyValue="MailGun_API" tModelKey="uddi:uddi.org:xml:localname"/><ns4:keyedReference keyName="1.0" keyValue="c6043e7e-e13a-4d48-b850-9592e877a3e0" tModelKey="uddi:soa.com:serviceversion"/><ns4:keyedReferenceGroup tModelKey="uddi:soa.com:service:group"/></ns4:categoryBag></ns4:businessService><ns8:ExportServiceEndpoint><ns7:ServiceEndpoint><ns7:ServiceKey>uddi:ebad85bf-70d5-11e4-aac9-abab048c21b3</ns7:ServiceKey><ns7:Name>uddi:ebdc0fdd-70d5-11e4-aac9-abab048c21b3</ns7:Name><ns7:Url>https://api.mailgun.net/v2</ns7:Url><ns7:BindingQName>{https://api.mailgun.net/v2}MailGun_API_Binding</ns7:BindingQName><ns7:PortName>MailGun_API_port</ns7:PortName><ns7:Protocol>https</ns7:Protocol></ns7:ServiceEndpoint><ns8:EndpointWsdlUri>wsdls/uddi_ebdc0fdd-70d5-11e4-aac9-abab048c21b3.wsdl</ns8:EndpointWsdlUri></ns8:ExportServiceEndpoint></ns8:ExportService></ns8:ExportObjectConfiguration><ns8:ExportObjectConfiguration><ns2:ServiceKey><ns2:Key>uddi:25734f6f-71c4-11e4-b9af-fdd44115e303</ns2:Key><ns2:ServiceQName>{https://na4.salesforce.com/services/data/v20.0/}SalesforceV20_API</ns2:ServiceQName></ns2:ServiceKey><ns8:ExportService><PhysicalService BusinessKey="uddi:88af7f2a-b593-11e4-86ce-86c450a25418" Discovered="false" ServiceKey="uddi:25734f6f-71c4-11e4-b9af-fdd44115e303" WsdlServiceLocalName="SalesforceV20_API" WsdlTargetNamespaceUrl="https://na4.salesforce.com/services/data/v20.0/"><Name>SalesforceV20_API</Name><Description></Description><Operations><Operation InterfaceName="{https://na4.salesforce.com/services/data/v20.0/}SalesforceV20_API_PortType" ManagementState="Enabled" NumOfVirtualizedOperations="0" OperationKey="edce69af-97c0-11e4-bfec-8fb3ddad882e" OperationLastUpdatedAt="2015-01-09T05:32:41.970Z" OperationName="GET /query" PolicyAvailable="true" ServiceKey="uddi:25734f6f-71c4-11e4-b9af-fdd44115e303" WsdlOperationName="GET__query"/><Operation InterfaceName="{https://na4.salesforce.com/services/data/v20.0/}SalesforceV20_API_PortType" ManagementState="Enabled" NumOfVirtualizedOperations="0" OperationKey="edd03e74-97c0-11e4-bfec-8fb3ddad882e" OperationLastUpdatedAt="2015-01-09T05:32:41.970Z" OperationName="GET /sobjects/Account/{id}" PolicyAvailable="true" ServiceKey="uddi:25734f6f-71c4-11e4-b9af-fdd44115e303" WsdlOperationName="GET__sobjects_Account__id_"/><Operation InterfaceName="{https://na4.salesforce.com/services/data/v20.0/}SalesforceV20_API_PortType" ManagementState="Enabled" NumOfVirtualizedOperations="0" OperationKey="edd3e7f9-97c0-11e4-bfec-8fb3ddad882e" OperationLastUpdatedAt="2015-01-09T05:32:41.970Z" OperationName="GET /sobjects/Lead/{id}" PolicyAvailable="true" ServiceKey="uddi:25734f6f-71c4-11e4-b9af-fdd44115e303" WsdlOperationName="GET__sobjects_Lead__id_"/><Operation InterfaceName="{https://na4.salesforce.com/services/data/v20.0/}SalesforceV20_API_PortType" ManagementState="Enabled" NumOfVirtualizedOperations="0" OperationKey="edcfa231-97c0-11e4-bfec-8fb3ddad882e" OperationLastUpdatedAt="2015-01-09T05:32:41.970Z" OperationName="POST /sobjects/Account" PolicyAvailable="true" ServiceKey="uddi:25734f6f-71c4-11e4-b9af-fdd44115e303" WsdlOperationName="POST__sobjects_Account"/><Operation InterfaceName="{https://na4.salesforce.com/services/data/v20.0/}SalesforceV20_API_PortType" ManagementState="Enabled" NumOfVirtualizedOperations="1" OperationKey="edd0dab6-97c0-11e4-bfec-8fb3ddad882e" OperationLastUpdatedAt="2015-01-09T05:32:41.970Z" OperationName="POST /sobjects/Lead" PolicyAvailable="true" ServiceKey="uddi:25734f6f-71c4-11e4-b9af-fdd44115e303" WsdlOperationName="POST__sobjects_Lead"/></Operations></PhysicalService><ns4:businessService businessKey="uddi:88af7f2a-b593-11e4-86ce-86c450a25418" serviceKey="uddi:25734f6f-71c4-11e4-b9af-fdd44115e303"><ns4:name>SalesforceV20_API</ns4:name><ns4:bindingTemplates><ns4:bindingTemplate bindingKey="uddi:25983ca4-71c4-11e4-b9af-fdd44115e303" serviceKey="uddi:25734f6f-71c4-11e4-b9af-fdd44115e303"><ns4:accessPoint useType="endPoint">https://na4.salesforce.com/services/data/v20.0/</ns4:accessPoint><ns4:tModelInstanceDetails><ns4:tModelInstanceInfo tModelKey="uddi:10cecae7-8cef-20d3-cd83-ecf77402aa6c"><ns4:description>The wsdl:binding that this wsdl:port implements. The instanceParms specifies the port local name.</ns4:description><ns4:instanceDetails><ns4:instanceParms>SalesforceV20_API_port</ns4:instanceParms></ns4:instanceDetails></ns4:tModelInstanceInfo><ns4:tModelInstanceInfo tModelKey="uddi:92a520cb-7787-53fd-1cc4-815a6d572734"><ns4:description>The wsdl:portType that this wsdl:port implements.</ns4:description></ns4:tModelInstanceInfo></ns4:tModelInstanceDetails><ns4:categoryBag><ns4:keyedReference keyName="WSDL type" keyValue="port" tModelKey="uddi:uddi.org:wsdl:types"/></ns4:categoryBag></ns4:bindingTemplate></ns4:bindingTemplates><ns4:categoryBag><ns4:keyedReference keyName="Staging" keyValue="Staging" tModelKey="uddi:soa.com:servicelifecyclestage"/><ns4:keyedReference keyName="WSDL type" keyValue="service" tModelKey="uddi:uddi.org:wsdl:types"/><ns4:keyedReference keyName="service namespace" keyValue="https://na4.salesforce.com/services/data/v20.0/" tModelKey="uddi:uddi.org:xml:namespace"/><ns4:keyedReference keyName="service local name" keyValue="SalesforceV20_API" tModelKey="uddi:uddi.org:xml:localname"/><ns4:keyedReference keyName="1.0" keyValue="20bde252-4014-4c8a-81bf-9b68708d6ee5" tModelKey="uddi:soa.com:serviceversion"/><ns4:keyedReferenceGroup tModelKey="uddi:soa.com:service:group"/></ns4:categoryBag></ns4:businessService><ns8:ExportServiceEndpoint><ns7:ServiceEndpoint><ns7:ServiceKey>uddi:25734f6f-71c4-11e4-b9af-fdd44115e303</ns7:ServiceKey><ns7:Name>uddi:25983ca4-71c4-11e4-b9af-fdd44115e303</ns7:Name><ns7:Url>https://na4.salesforce.com/services/data/v20.0/</ns7:Url><ns7:BindingQName>{https://na4.salesforce.com/services/data/v20.0/}SalesforceV20_API_Binding</ns7:BindingQName><ns7:PortName>SalesforceV20_API_port</ns7:PortName><ns7:Protocol>https</ns7:Protocol></ns7:ServiceEndpoint><ns8:EndpointWsdlUri>wsdls/uddi_25983ca4-71c4-11e4-b9af-fdd44115e303.wsdl</ns8:EndpointWsdlUri></ns8:ExportServiceEndpoint></ns8:ExportService></ns8:ExportObjectConfiguration><ns8:ExportObjectConfiguration><ns2:ServiceKey><ns2:Key>uddi:6db7ec70-909e-11e4-a66e-cc30e22db7ff</ns2:Key><ns2:ServiceQName>{https://upload.box.com/api/2.0}Box_Upload_API</ns2:ServiceQName></ns2:ServiceKey><ns8:ExportService><PhysicalService BusinessKey="uddi:88af7f2a-b593-11e4-86ce-86c450a25418" Discovered="false" ServiceKey="uddi:6db7ec70-909e-11e4-a66e-cc30e22db7ff" WsdlServiceLocalName="Box_Upload_API" WsdlTargetNamespaceUrl="https://upload.box.com/api/2.0"><Name>Box_Upload_API</Name><Description></Description><Operations><Operation InterfaceName="{https://upload.box.com/api/2.0}Box_Upload_API_PortType" ManagementState="Enabled" NumOfVirtualizedOperations="1" OperationKey="a45f6eda-97c0-11e4-bfec-8fb3ddad882e" OperationLastUpdatedAt="2015-01-09T05:30:37.990Z" OperationName="POST /files/content" PolicyAvailable="true" ServiceKey="uddi:6db7ec70-909e-11e4-a66e-cc30e22db7ff" WsdlOperationName="POST__files_content"/></Operations></PhysicalService><ns4:businessService businessKey="uddi:88af7f2a-b593-11e4-86ce-86c450a25418" serviceKey="uddi:6db7ec70-909e-11e4-a66e-cc30e22db7ff"><ns4:name>Box_Upload_API</ns4:name><ns4:bindingTemplates><ns4:bindingTemplate bindingKey="uddi:6e0c7518-909e-11e4-a66e-cc30e22db7ff" serviceKey="uddi:6db7ec70-909e-11e4-a66e-cc30e22db7ff"><ns4:accessPoint useType="endPoint">https://upload.box.com/api/2.0</ns4:accessPoint><ns4:tModelInstanceDetails><ns4:tModelInstanceInfo tModelKey="uddi:d800bc7d-5013-70c3-fdcc-e29575ddf512"><ns4:description>The wsdl:binding that this wsdl:port implements. The instanceParms specifies the port local name.</ns4:description><ns4:instanceDetails><ns4:instanceParms>Box_Upload_API_port</ns4:instanceParms></ns4:instanceDetails></ns4:tModelInstanceInfo><ns4:tModelInstanceInfo tModelKey="uddi:dbaa2f45-6322-c6e4-4e86-fcbf6735bf34"><ns4:description>The wsdl:portType that this wsdl:port implements.</ns4:description></ns4:tModelInstanceInfo></ns4:tModelInstanceDetails><ns4:categoryBag><ns4:keyedReference keyName="WSDL type" keyValue="port" tModelKey="uddi:uddi.org:wsdl:types"/></ns4:categoryBag></ns4:bindingTemplate></ns4:bindingTemplates><ns4:categoryBag><ns4:keyedReference keyName="Staging" keyValue="Staging" tModelKey="uddi:soa.com:servicelifecyclestage"/><ns4:keyedReference keyName="WSDL type" keyValue="service" tModelKey="uddi:uddi.org:wsdl:types"/><ns4:keyedReference keyName="service namespace" keyValue="https://upload.box.com/api/2.0" tModelKey="uddi:uddi.org:xml:namespace"/><ns4:keyedReference keyName="service local name" keyValue="Box_Upload_API" tModelKey="uddi:uddi.org:xml:localname"/><ns4:keyedReference keyName="1.0" keyValue="187bb4c2-0f1d-4fb7-9cbc-ae4ab36e93aa" tModelKey="uddi:soa.com:serviceversion"/><ns4:keyedReferenceGroup tModelKey="uddi:soa.com:service:group"/></ns4:categoryBag></ns4:businessService><ns8:ExportServiceEndpoint><ns7:ServiceEndpoint><ns7:ServiceKey>uddi:6db7ec70-909e-11e4-a66e-cc30e22db7ff</ns7:ServiceKey><ns7:Name>uddi:6e0c7518-909e-11e4-a66e-cc30e22db7ff</ns7:Name><ns7:Url>https://upload.box.com/api/2.0</ns7:Url><ns7:BindingQName>{https://upload.box.com/api/2.0}Box_Upload_API_Binding</ns7:BindingQName><ns7:PortName>Box_Upload_API_port</ns7:PortName><ns7:Protocol>https</ns7:Protocol></ns7:ServiceEndpoint><ns8:EndpointWsdlUri>wsdls/uddi_6e0c7518-909e-11e4-a66e-cc30e22db7ff.wsdl</ns8:EndpointWsdlUri></ns8:ExportServiceEndpoint></ns8:ExportService></ns8:ExportObjectConfiguration><ns8:ExportObjectConfiguration><ns2:ServiceKey><ns2:Key>uddi:6c6f6168-700a-11e4-8fed-dad2b3c7c30a</ns2:Key><ns2:ServiceQName>{https://api.smartystreets.com}SmartyStreets_API</ns2:ServiceQName></ns2:ServiceKey><ns8:ExportService><PhysicalService BusinessKey="uddi:88af7f2a-b593-11e4-86ce-86c450a25418" Discovered="false" ServiceKey="uddi:6c6f6168-700a-11e4-8fed-dad2b3c7c30a" WsdlServiceLocalName="SmartyStreets_API" WsdlTargetNamespaceUrl="https://api.smartystreets.com"><Name>SmartyStreets_API</Name><Description></Description><Operations><Operation InterfaceName="{https://api.smartystreets.com}SmartyStreets_API_PortType" ManagementState="Enabled" NumOfVirtualizedOperations="0" OperationKey="f9ede604-97c0-11e4-bfec-8fb3ddad882e" OperationLastUpdatedAt="2015-01-09T05:33:01.717Z" OperationName="GET /street-address" PolicyAvailable="true" ServiceKey="uddi:6c6f6168-700a-11e4-8fed-dad2b3c7c30a" WsdlOperationName="GET__street-address"/><Operation InterfaceName="{https://api.smartystreets.com}SmartyStreets_API_PortType" ManagementState="Enabled" NumOfVirtualizedOperations="1" OperationKey="f9f16876-97c0-11e4-bfec-8fb3ddad882e" OperationLastUpdatedAt="2015-01-09T05:33:01.717Z" OperationName="POST /street-address" PolicyAvailable="true" ServiceKey="uddi:6c6f6168-700a-11e4-8fed-dad2b3c7c30a" WsdlOperationName="POST__street-address"/></Operations></PhysicalService><ns4:businessService businessKey="uddi:88af7f2a-b593-11e4-86ce-86c450a25418" serviceKey="uddi:6c6f6168-700a-11e4-8fed-dad2b3c7c30a"><ns4:name>SmartyStreets_API</ns4:name><ns4:bindingTemplates><ns4:bindingTemplate bindingKey="uddi:6c8de5f4-700a-11e4-8fed-dad2b3c7c30a" serviceKey="uddi:6c6f6168-700a-11e4-8fed-dad2b3c7c30a"><ns4:accessPoint useType="endPoint">http://api.smartystreets.com</ns4:accessPoint><ns4:tModelInstanceDetails><ns4:tModelInstanceInfo tModelKey="uddi:b54590a9-ff8e-98fe-0deb-60488f3cd591"><ns4:description>The wsdl:binding that this wsdl:port implements. The instanceParms specifies the port local name.</ns4:description><ns4:instanceDetails><ns4:instanceParms>SmartyStreets_API_port</ns4:instanceParms></ns4:instanceDetails></ns4:tModelInstanceInfo><ns4:tModelInstanceInfo tModelKey="uddi:0b497752-b926-ebf1-a0a8-ab60dabe1018"><ns4:description>The wsdl:portType that this wsdl:port implements.</ns4:description></ns4:tModelInstanceInfo></ns4:tModelInstanceDetails><ns4:categoryBag><ns4:keyedReference keyName="WSDL type" keyValue="port" tModelKey="uddi:uddi.org:wsdl:types"/><ns4:keyedReferenceGroup tModelKey="uddi:soa.com:serviceendpoint:connprops:group"><ns4:keyedReference keyName="http.version" keyValue="Unspecified" tModelKey="uddi:soa.com:serviceendpoint:connprop:string"/></ns4:keyedReferenceGroup></ns4:categoryBag></ns4:bindingTemplate></ns4:bindingTemplates><ns4:categoryBag><ns4:keyedReference keyName="Staging" keyValue="Staging" tModelKey="uddi:soa.com:servicelifecyclestage"/><ns4:keyedReference keyName="WSDL type" keyValue="service" tModelKey="uddi:uddi.org:wsdl:types"/><ns4:keyedReference keyName="service namespace" keyValue="https://api.smartystreets.com" tModelKey="uddi:uddi.org:xml:namespace"/><ns4:keyedReference keyName="service local name" keyValue="SmartyStreets_API" tModelKey="uddi:uddi.org:xml:localname"/><ns4:keyedReference keyName="1.0" keyValue="bff5fc78-f0e4-40b2-baf4-ebbcac4e2660" tModelKey="uddi:soa.com:serviceversion"/><ns4:keyedReferenceGroup tModelKey="uddi:soa.com:service:group"/></ns4:categoryBag></ns4:businessService><ns8:ExportServiceEndpoint><ns7:ServiceEndpoint><ns7:ServiceKey>uddi:6c6f6168-700a-11e4-8fed-dad2b3c7c30a</ns7:ServiceKey><ns7:Name>uddi:6c8de5f4-700a-11e4-8fed-dad2b3c7c30a</ns7:Name><ns7:Description></ns7:Description><ns7:Url>http://api.smartystreets.com</ns7:Url><ns7:BindingQName>{https://api.smartystreets.com}SmartyStreets_API_Binding</ns7:BindingQName><ns7:PortName>SmartyStreets_API_port</ns7:PortName><ns7:ConnectionProperties><ns7:NameValue><ns7:Name>http.version</ns7:Name><ns7:Value>Unspecified</ns7:Value></ns7:NameValue></ns7:ConnectionProperties><ns7:Protocol>http</ns7:Protocol></ns7:ServiceEndpoint><ns8:EndpointWsdlUri>wsdls/uddi_6c8de5f4-700a-11e4-8fed-dad2b3c7c30a.wsdl</ns8:EndpointWsdlUri></ns8:ExportServiceEndpoint></ns8:ExportService></ns8:ExportObjectConfiguration><ns8:ExportObjectConfiguration><ns2:ServiceKey><ns2:Key>uddi:b8f45d13-8b0f-11e4-afed-f7b5386a00f0</ns2:Key><ns2:ServiceQName>{https://api.box.com/2.0}Box_Content_API</ns2:ServiceQName></ns2:ServiceKey><ns8:ExportService><PhysicalService BusinessKey="uddi:88af7f2a-b593-11e4-86ce-86c450a25418" Discovered="false" ServiceKey="uddi:b8f45d13-8b0f-11e4-afed-f7b5386a00f0" WsdlServiceLocalName="Box_Content_API" WsdlTargetNamespaceUrl="https://api.box.com/2.0"><Name>Box_Content_API</Name><Description></Description><Operations><Operation InterfaceName="{https://api.box.com/2.0}Box_Content_API_PortType" ManagementState="Enabled" NumOfVirtualizedOperations="0" OperationKey="8faea5ac-97c0-11e4-bfec-8fb3ddad882e" OperationLastUpdatedAt="2015-01-09T05:30:18.583Z" OperationName="DELETE /collaborations/{id}" PolicyAvailable="true" ServiceKey="uddi:b8f45d13-8b0f-11e4-afed-f7b5386a00f0" WsdlOperationName="DELETE__collaborations__id_"/><Operation InterfaceName="{https://api.box.com/2.0}Box_Content_API_PortType" ManagementState="Enabled" NumOfVirtualizedOperations="0" OperationKey="8fabbf75-97c0-11e4-bfec-8fb3ddad882e" OperationLastUpdatedAt="2015-01-09T05:30:18.583Z" OperationName="DELETE /comments/{comment_id}" PolicyAvailable="true" ServiceKey="uddi:b8f45d13-8b0f-11e4-afed-f7b5386a00f0" WsdlOperationName="DELETE__comments__comment_id_"/><Operation InterfaceName="{https://api.box.com/2.0}Box_Content_API_PortType" ManagementState="Enabled" NumOfVirtualizedOperations="1" OperationKey="8fa30cc7-97c0-11e4-bfec-8fb3ddad882e" OperationLastUpdatedAt="2015-01-09T05:30:18.583Z" OperationName="DELETE /files/{id}" PolicyAvailable="true" ServiceKey="uddi:b8f45d13-8b0f-11e4-afed-f7b5386a00f0" WsdlOperationName="DELETE__files__id_"/><Operation InterfaceName="{https://api.box.com/2.0}Box_Content_API_PortType" ManagementState="Enabled" NumOfVirtualizedOperations="0" OperationKey="8fa779a5-97c0-11e4-bfec-8fb3ddad882e" OperationLastUpdatedAt="2015-01-09T05:30:18.583Z" OperationName="DELETE /files/{id}/trash" PolicyAvailable="true" ServiceKey="uddi:b8f45d13-8b0f-11e4-afed-f7b5386a00f0" WsdlOperationName="DELETE__files__id__trash"/><Operation InterfaceName="{https://api.box.com/2.0}Box_Content_API_PortType" ManagementState="Enabled" NumOfVirtualizedOperations="0" OperationKey="8fa52fae-97c0-11e4-bfec-8fb3ddad882e" OperationLastUpdatedAt="2015-01-09T05:30:18.583Z" OperationName="DELETE /files/{id}/versions/{version_id}" PolicyAvailable="true" ServiceKey="uddi:b8f45d13-8b0f-11e4-afed-f7b5386a00f0" WsdlOperationName="DELETE__files__id__versions__version_id_"/><Operation InterfaceName="{https://api.box.com/2.0}Box_Content_API_PortType" ManagementState="Enabled" NumOfVirtualizedOperations="0" OperationKey="8f9af65d-97c0-11e4-bfec-8fb3ddad882e" OperationLastUpdatedAt="2015-01-09T05:30:18.583Z" OperationName="DELETE /folders/{id}" PolicyAvailable="true" ServiceKey="uddi:b8f45d13-8b0f-11e4-afed-f7b5386a00f0" WsdlOperationName="DELETE__folders__id_"/><Operation InterfaceName="{https://api.box.com/2.0}Box_Content_API_PortType" ManagementState="Enabled" NumOfVirtualizedOperations="0" OperationKey="8f9e51c8-97c0-11e4-bfec-8fb3ddad882e" OperationLastUpdatedAt="2015-01-09T05:30:18.583Z" OperationName="DELETE /folders/{id}/trash" PolicyAvailable="true" ServiceKey="uddi:b8f45d13-8b0f-11e4-afed-f7b5386a00f0" WsdlOperationName="DELETE__folders__id__trash"/><Operation InterfaceName="{https://api.box.com/2.0}Box_Content_API_PortType" ManagementState="Enabled" NumOfVirtualizedOperations="0" OperationKey="8fc53b1f-97c0-11e4-bfec-8fb3ddad882e" OperationLastUpdatedAt="2015-01-09T05:30:18.583Z" OperationName="DELETE /group_memberships/{id}" PolicyAvailable="true" ServiceKey="uddi:b8f45d13-8b0f-11e4-afed-f7b5386a00f0" WsdlOperationName="DELETE__group_memberships__id_"/><Operation InterfaceName="{https://api.box.com/2.0}Box_Content_API_PortType" ManagementState="Enabled" NumOfVirtualizedOperations="0" OperationKey="8fc16a84-97c0-11e4-bfec-8fb3ddad882e" OperationLastUpdatedAt="2015-01-09T05:30:18.583Z" OperationName="DELETE /groups/{id}" PolicyAvailable="true" ServiceKey="uddi:b8f45d13-8b0f-11e4-afed-f7b5386a00f0" WsdlOperationName="DELETE__groups__id_"/><Operation InterfaceName="{https://api.box.com/2.0}Box_Content_API_PortType" ManagementState="Enabled" NumOfVirtualizedOperations="0" OperationKey="8fcb2ea1-97c0-11e4-bfec-8fb3ddad882e" OperationLastUpdatedAt="2015-01-09T05:30:18.583Z" OperationName="DELETE /task_assignments/{id}" PolicyAvailable="true" ServiceKey="uddi:b8f45d13-8b0f-11e4-afed-f7b5386a00f0" WsdlOperationName="DELETE__task_assignments__id_"/><Operation InterfaceName="{https://api.box.com/2.0}Box_Content_API_PortType" ManagementState="Enabled" NumOfVirtualizedOperations="0" OperationKey="8fc89689-97c0-11e4-bfec-8fb3ddad882e" OperationLastUpdatedAt="2015-01-09T05:30:18.583Z" OperationName="DELETE /tasks/{id}" PolicyAvailable="true" ServiceKey="uddi:b8f45d13-8b0f-11e4-afed-f7b5386a00f0" WsdlOperationName="DELETE__tasks__id_"/><Operation InterfaceName="{https://api.box.com/2.0}Box_Content_API_PortType" ManagementState="Enabled" NumOfVirtualizedOperations="0" OperationKey="8fb69500-97c0-11e4-bfec-8fb3ddad882e" OperationLastUpdatedAt="2015-01-09T05:30:18.583Z" OperationName="DELETE /users/{id}" PolicyAvailable="true" ServiceKey="uddi:b8f45d13-8b0f-11e4-afed-f7b5386a00f0" WsdlOperationName="DELETE__users__id_"/><Operation InterfaceName="{https://api.box.com/2.0}Box_Content_API_PortType" ManagementState="Enabled" NumOfVirtualizedOperations="0" OperationKey="8fbab3b6-97c0-11e4-bfec-8fb3ddad882e" OperationLastUpdatedAt="2015-01-09T05:30:18.583Z" OperationName="DELETE /users/{id}/email_aliases/{email_alias_id}" PolicyAvailable="true" ServiceKey="uddi:b8f45d13-8b0f-11e4-afed-f7b5386a00f0" WsdlOperationName="DELETE__users__id__email_aliases__email_alias_id_"/><Operation InterfaceName="{https://api.box.com/2.0}Box_Content_API_PortType" ManagementState="Enabled" NumOfVirtualizedOperations="0" OperationKey="8fafb71d-97c0-11e4-bfec-8fb3ddad882e" OperationLastUpdatedAt="2015-01-09T05:30:18.583Z" OperationName="GET /collaborations/{id}" PolicyAvailable="true" ServiceKey="uddi:b8f45d13-8b0f-11e4-afed-f7b5386a00f0" WsdlOperationName="GET__collaborations__id_"/><Operation InterfaceName="{https://api.box.com/2.0}Box_Content_API_PortType" ManagementState="Enabled" NumOfVirtualizedOperations="0" OperationKey="8fab2333-97c0-11e4-bfec-8fb3ddad882e" OperationLastUpdatedAt="2015-01-09T05:30:18.583Z" OperationName="GET /comments/{comment_id}" PolicyAvailable="true" ServiceKey="uddi:b8f45d13-8b0f-11e4-afed-f7b5386a00f0" WsdlOperationName="GET__comments__comment_id_"/><Operation InterfaceName="{https://api.box.com/2.0}Box_Content_API_PortType" ManagementState="Enabled" NumOfVirtualizedOperations="0" OperationKey="8fb0a17f-97c0-11e4-bfec-8fb3ddad882e" OperationLastUpdatedAt="2015-01-09T05:30:18.583Z" OperationName="GET /events" PolicyAvailable="true" ServiceKey="uddi:b8f45d13-8b0f-11e4-afed-f7b5386a00f0" WsdlOperationName="GET__events"/><Operation InterfaceName="{https://api.box.com/2.0}Box_Content_API_PortType" ManagementState="Enabled" NumOfVirtualizedOperations="0" OperationKey="8fa09bbf-97c0-11e4-bfec-8fb3ddad882e" OperationLastUpdatedAt="2015-01-09T05:30:18.583Z" OperationName="GET /files/{id}" PolicyAvailable="true" ServiceKey="uddi:b8f45d13-8b0f-11e4-afed-f7b5386a00f0" WsdlOperationName="GET__files__id_"/><Operation InterfaceName="{https://api.box.com/2.0}Box_Content_API_PortType" ManagementState="Enabled" NumOfVirtualizedOperations="0" OperationKey="8fa381f8-97c0-11e4-bfec-8fb3ddad882e" OperationLastUpdatedAt="2015-01-09T05:30:18.583Z" OperationName="GET /files/{id}/{thumbnail_file_name}" PolicyAvailable="true" ServiceKey="uddi:b8f45d13-8b0f-11e4-afed-f7b5386a00f0" WsdlOperationName="GET__files__id___thumbnail_file_name_"/><Operation InterfaceName="{https://api.box.com/2.0}Box_Content_API_PortType" ManagementState="Enabled" NumOfVirtualizedOperations="0" OperationKey="8fa88b18-97c0-11e4-bfec-8fb3ddad882e" OperationLastUpdatedAt="2015-01-09T05:30:18.583Z" OperationName="GET /files/{id}/comments" PolicyAvailable="true" ServiceKey="uddi:b8f45d13-8b0f-11e4-afed-f7b5386a00f0" WsdlOperationName="GET__files__id__comments"/><Operation InterfaceName="{https://api.box.com/2.0}Box_Content_API_PortType" ManagementState="Enabled" NumOfVirtualizedOperations="0" OperationKey="8fa5cbef-97c0-11e4-bfec-8fb3ddad882e" OperationLastUpdatedAt="2015-01-09T05:30:18.583Z" OperationName="GET /files/{id}/content" PolicyAvailable="true" ServiceKey="uddi:b8f45d13-8b0f-11e4-afed-f7b5386a00f0" WsdlOperationName="GET__files__id__content"/><Operation InterfaceName="{https://api.box.com/2.0}Box_Content_API_PortType" ManagementState="Enabled" NumOfVirtualizedOperations="0" OperationKey="8fa815e6-97c0-11e4-bfec-8fb3ddad882e" OperationLastUpdatedAt="2015-01-09T05:30:18.583Z" OperationName="GET /files/{id}/tasks" PolicyAvailable="true" ServiceKey="uddi:b8f45d13-8b0f-11e4-afed-f7b5386a00f0" WsdlOperationName="GET__files__id__tasks"/><Operation InterfaceName="{https://api.box.com/2.0}Box_Content_API_PortType" ManagementState="Enabled" NumOfVirtualizedOperations="0" OperationKey="8fa6dd63-97c0-11e4-bfec-8fb3ddad882e" OperationLastUpdatedAt="2015-01-09T05:30:18.583Z" OperationName="GET /files/{id}/trash" PolicyAvailable="true" ServiceKey="uddi:b8f45d13-8b0f-11e4-afed-f7b5386a00f0" WsdlOperationName="GET__files__id__trash"/><Operation InterfaceName="{https://api.box.com/2.0}Box_Content_API_PortType" ManagementState="Enabled" NumOfVirtualizedOperations="0" OperationKey="8fa41e39-97c0-11e4-bfec-8fb3ddad882e" OperationLastUpdatedAt="2015-01-09T05:30:18.583Z" OperationName="GET /files/{id}/versions" PolicyAvailable="true" ServiceKey="uddi:b8f45d13-8b0f-11e4-afed-f7b5386a00f0" WsdlOperationName="GET__files__id__versions"/><Operation InterfaceName="{https://api.box.com/2.0}Box_Content_API_PortType" ManagementState="Enabled" NumOfVirtualizedOperations="0" OperationKey="8f9c55f1-97c0-11e4-bfec-8fb3ddad882e" OperationLastUpdatedAt="2015-01-09T05:30:18.583Z" OperationName="GET /folders/{id}" PolicyAvailable="true" ServiceKey="uddi:b8f45d13-8b0f-11e4-afed-f7b5386a00f0" WsdlOperationName="GET__folders__id_"/><Operation InterfaceName="{https://api.box.com/2.0}Box_Content_API_PortType" ManagementState="Enabled" NumOfVirtualizedOperations="0" OperationKey="8f9f633b-97c0-11e4-bfec-8fb3ddad882e" OperationLastUpdatedAt="2015-01-09T05:30:18.583Z" OperationName="GET /folders/{id}/collaborations" PolicyAvailable="true" ServiceKey="uddi:b8f45d13-8b0f-11e4-afed-f7b5386a00f0" WsdlOperationName="GET__folders__id__collaborations"/><Operation InterfaceName="{https://api.box.com/2.0}Box_Content_API_PortType" ManagementState="Enabled" NumOfVirtualizedOperations="0" OperationKey="8f9cf233-97c0-11e4-bfec-8fb3ddad882e" OperationLastUpdatedAt="2015-01-09T05:30:18.583Z" OperationName="GET /folders/{id}/item" PolicyAvailable="true" ServiceKey="uddi:b8f45d13-8b0f-11e4-afed-f7b5386a00f0" WsdlOperationName="GET__folders__id__item"/><Operation InterfaceName="{https://api.box.com/2.0}Box_Content_API_PortType" ManagementState="Enabled" NumOfVirtualizedOperations="0" OperationKey="8f9ec6f9-97c0-11e4-bfec-8fb3ddad882e" OperationLastUpdatedAt="2015-01-09T05:30:18.583Z" OperationName="GET /folders/{id}/trash" PolicyAvailable="true" ServiceKey="uddi:b8f45d13-8b0f-11e4-afed-f7b5386a00f0" WsdlOperationName="GET__folders__id__trash"/><Operation InterfaceName="{https://api.box.com/2.0}Box_Content_API_PortType" ManagementState="Enabled" NumOfVirtualizedOperations="0" OperationKey="8f9fff7d-97c0-11e4-bfec-8fb3ddad882e" OperationLastUpdatedAt="2015-01-09T05:30:18.583Z" OperationName="GET /folders/trash/items" PolicyAvailable="true" ServiceKey="uddi:b8f45d13-8b0f-11e4-afed-f7b5386a00f0" WsdlOperationName="GET__folders_trash_items"/><Operation InterfaceName="{https://api.box.com/2.0}Box_Content_API_PortType" ManagementState="Enabled" NumOfVirtualizedOperations="0" OperationKey="8fc3b47a-97c0-11e4-bfec-8fb3ddad882e" OperationLastUpdatedAt="2015-01-09T05:30:18.583Z" OperationName="GET /group_memberships/{id}" PolicyAvailable="true" ServiceKey="uddi:b8f45d13-8b0f-11e4-afed-f7b5386a00f0" WsdlOperationName="GET__group_memberships__id_"/><Operation InterfaceName="{https://api.box.com/2.0}Box_Content_API_PortType" ManagementState="Enabled" NumOfVirtualizedOperations="0" OperationKey="8fc5d760-97c0-11e4-bfec-8fb3ddad882e" OperationLastUpdatedAt="2015-01-09T05:30:18.583Z" OperationName="GET /group_memberships/{id}/collaborations" PolicyAvailable="true" ServiceKey="uddi:b8f45d13-8b0f-11e4-afed-f7b5386a00f0" WsdlOperationName="GET__group_memberships__id__collaborations"/><Operation InterfaceName="{https://api.box.com/2.0}Box_Content_API_PortType" ManagementState="Enabled" NumOfVirtualizedOperations="0" OperationKey="8fbf479c-97c0-11e4-bfec-8fb3ddad882e" OperationLastUpdatedAt="2015-01-09T05:30:18.583Z" OperationName="GET /groups" PolicyAvailable="true" ServiceKey="uddi:b8f45d13-8b0f-11e4-afed-f7b5386a00f0" WsdlOperationName="GET__groups"/><Operation InterfaceName="{https://api.box.com/2.0}Box_Content_API_PortType" ManagementState="Enabled" NumOfVirtualizedOperations="0" OperationKey="8fc254e5-97c0-11e4-bfec-8fb3ddad882e" OperationLastUpdatedAt="2015-01-09T05:30:18.583Z" OperationName="GET /groups/{id}/memberships" PolicyAvailable="true" ServiceKey="uddi:b8f45d13-8b0f-11e4-afed-f7b5386a00f0" WsdlOperationName="GET__groups__id__memberships"/><Operation InterfaceName="{https://api.box.com/2.0}Box_Content_API_PortType" ManagementState="Enabled" NumOfVirtualizedOperations="1" OperationKey="8fb24f34-97c0-11e4-bfec-8fb3ddad882e" OperationLastUpdatedAt="2015-01-09T05:30:18.583Z" OperationName="GET /search" PolicyAvailable="true" ServiceKey="uddi:b8f45d13-8b0f-11e4-afed-f7b5386a00f0" WsdlOperationName="GET__search"/><Operation InterfaceName="{https://api.box.com/2.0}Box_Content_API_PortType" ManagementState="Enabled" NumOfVirtualizedOperations="0" OperationKey="8fb18be1-97c0-11e4-bfec-8fb3ddad882e" OperationLastUpdatedAt="2015-01-09T05:30:18.583Z" OperationName="GET /shared_items" PolicyAvailable="true" ServiceKey="uddi:b8f45d13-8b0f-11e4-afed-f7b5386a00f0" WsdlOperationName="GET__shared_items"/><Operation InterfaceName="{https://api.box.com/2.0}Box_Content_API_PortType" ManagementState="Enabled" NumOfVirtualizedOperations="0" OperationKey="8fca925f-97c0-11e4-bfec-8fb3ddad882e" OperationLastUpdatedAt="2015-01-09T05:30:18.583Z" OperationName="GET /task_assignments/{id}" PolicyAvailable="true" ServiceKey="uddi:b8f45d13-8b0f-11e4-afed-f7b5386a00f0" WsdlOperationName="GET__task_assignments__id_"/><Operation InterfaceName="{https://api.box.com/2.0}Box_Content_API_PortType" ManagementState="Enabled" NumOfVirtualizedOperations="0" OperationKey="8fc736f5-97c0-11e4-bfec-8fb3ddad882e" OperationLastUpdatedAt="2015-01-09T05:30:18.583Z" OperationName="GET /tasks/{id}" PolicyAvailable="true" ServiceKey="uddi:b8f45d13-8b0f-11e4-afed-f7b5386a00f0" WsdlOperationName="GET__tasks__id_"/><Operation InterfaceName="{https://api.box.com/2.0}Box_Content_API_PortType" ManagementState="Enabled" NumOfVirtualizedOperations="0" OperationKey="8fc932ca-97c0-11e4-bfec-8fb3ddad882e" OperationLastUpdatedAt="2015-01-09T05:30:18.583Z" OperationName="GET /tasks/{id}/assignments" PolicyAvailable="true" ServiceKey="uddi:b8f45d13-8b0f-11e4-afed-f7b5386a00f0" WsdlOperationName="GET__tasks__id__assignments"/><Operation InterfaceName="{https://api.box.com/2.0}Box_Content_API_PortType" ManagementState="Enabled" NumOfVirtualizedOperations="0" OperationKey="8fb31286-97c0-11e4-bfec-8fb3ddad882e" OperationLastUpdatedAt="2015-01-09T05:30:18.583Z" OperationName="GET /users" PolicyAvailable="true" ServiceKey="uddi:b8f45d13-8b0f-11e4-afed-f7b5386a00f0" WsdlOperationName="GET__users"/><Operation InterfaceName="{https://api.box.com/2.0}Box_Content_API_PortType" ManagementState="Enabled" NumOfVirtualizedOperations="0" OperationKey="8fb75851-97c0-11e4-bfec-8fb3ddad882e" OperationLastUpdatedAt="2015-01-09T05:30:18.583Z" OperationName="GET /users/{id}/email_aliases" PolicyAvailable="true" ServiceKey="uddi:b8f45d13-8b0f-11e4-afed-f7b5386a00f0" WsdlOperationName="GET__users__id__email_aliases"/><Operation InterfaceName="{https://api.box.com/2.0}Box_Content_API_PortType" ManagementState="Enabled" NumOfVirtualizedOperations="0" OperationKey="8fbc8877-97c0-11e4-bfec-8fb3ddad882e" OperationLastUpdatedAt="2015-01-09T05:30:18.583Z" OperationName="GET /users/{id}/memberships" PolicyAvailable="true" ServiceKey="uddi:b8f45d13-8b0f-11e4-afed-f7b5386a00f0" WsdlOperationName="GET__users__id__memberships"/><Operation InterfaceName="{https://api.box.com/2.0}Box_Content_API_PortType" ManagementState="Enabled" NumOfVirtualizedOperations="0" OperationKey="8fb4992b-97c0-11e4-bfec-8fb3ddad882e" OperationLastUpdatedAt="2015-01-09T05:30:18.583Z" OperationName="GET /users/me" PolicyAvailable="true" ServiceKey="uddi:b8f45d13-8b0f-11e4-afed-f7b5386a00f0" WsdlOperationName="GET__users_me"/><Operation InterfaceName="{https://api.box.com/2.0}Box_Content_API_PortType" ManagementState="Enabled" NumOfVirtualizedOperations="0" OperationKey="8fac34a6-97c0-11e4-bfec-8fb3ddad882e" OperationLastUpdatedAt="2015-01-09T05:30:18.583Z" OperationName="POST /collaborations" PolicyAvailable="true" ServiceKey="uddi:b8f45d13-8b0f-11e4-afed-f7b5386a00f0" WsdlOperationName="POST__collaborations"/><Operation InterfaceName="{https://api.box.com/2.0}Box_Content_API_PortType" ManagementState="Enabled" NumOfVirtualizedOperations="0" OperationKey="8fa9eaad-97c0-11e4-bfec-8fb3ddad882e" OperationLastUpdatedAt="2015-01-09T05:30:18.583Z" OperationName="POST /comments" PolicyAvailable="true" ServiceKey="uddi:b8f45d13-8b0f-11e4-afed-f7b5386a00f0" WsdlOperationName="POST__comments"/><Operation InterfaceName="{https://api.box.com/2.0}Box_Content_API_PortType" ManagementState="Enabled" NumOfVirtualizedOperations="0" OperationKey="8fa1d441-97c0-11e4-bfec-8fb3ddad882e" OperationLastUpdatedAt="2015-01-09T05:30:18.583Z" OperationName="POST /files/{id}" PolicyAvailable="true" ServiceKey="uddi:b8f45d13-8b0f-11e4-afed-f7b5386a00f0" WsdlOperationName="POST__files__id_"/><Operation InterfaceName="{https://api.box.com/2.0}Box_Content_API_PortType" ManagementState="Enabled" NumOfVirtualizedOperations="0" OperationKey="8fa66830-97c0-11e4-bfec-8fb3ddad882e" OperationLastUpdatedAt="2015-01-09T05:30:18.583Z" OperationName="POST /files/{id}/copy" PolicyAvailable="true" ServiceKey="uddi:b8f45d13-8b0f-11e4-afed-f7b5386a00f0" WsdlOperationName="POST__files__id__copy"/><Operation InterfaceName="{https://api.box.com/2.0}Box_Content_API_PortType" ManagementState="Enabled" NumOfVirtualizedOperations="0" OperationKey="8fa4936b-97c0-11e4-bfec-8fb3ddad882e" OperationLastUpdatedAt="2015-01-09T05:30:18.583Z" OperationName="POST /files/{id}/versions/current" PolicyAvailable="true" ServiceKey="uddi:b8f45d13-8b0f-11e4-afed-f7b5386a00f0" WsdlOperationName="POST__files__id__versions_current"/><Operation InterfaceName="{https://api.box.com/2.0}Box_Content_API_PortType" ManagementState="Enabled" NumOfVirtualizedOperations="0" OperationKey="8fa9275a-97c0-11e4-bfec-8fb3ddad882e" OperationLastUpdatedAt="2015-01-09T05:30:18.583Z" OperationName="POST /files/content" PolicyAvailable="true" ServiceKey="uddi:b8f45d13-8b0f-11e4-afed-f7b5386a00f0" WsdlOperationName="POST__files_content"/><Operation InterfaceName="{https://api.box.com/2.0}Box_Content_API_PortType" ManagementState="Enabled" NumOfVirtualizedOperations="1" OperationKey="8f979af7-97c0-11e4-bfec-8fb3ddad882e" OperationLastUpdatedAt="2015-01-09T05:30:18.583Z" OperationName="POST /folders" PolicyAvailable="true" ServiceKey="uddi:b8f45d13-8b0f-11e4-afed-f7b5386a00f0" WsdlOperationName="POST__folders"/><Operation InterfaceName="{https://api.box.com/2.0}Box_Content_API_PortType" ManagementState="Enabled" NumOfVirtualizedOperations="0" OperationKey="8f9a330a-97c0-11e4-bfec-8fb3ddad882e" OperationLastUpdatedAt="2015-01-09T05:30:18.583Z" OperationName="POST /folders/{id}" PolicyAvailable="true" ServiceKey="uddi:b8f45d13-8b0f-11e4-afed-f7b5386a00f0" WsdlOperationName="POST__folders__id_"/><Operation InterfaceName="{https://api.box.com/2.0}Box_Content_API_PortType" ManagementState="Enabled" NumOfVirtualizedOperations="0" OperationKey="8f9db585-97c0-11e4-bfec-8fb3ddad882e" OperationLastUpdatedAt="2015-01-09T05:30:18.583Z" OperationName="POST /folders/{id}/copy" PolicyAvailable="true" ServiceKey="uddi:b8f45d13-8b0f-11e4-afed-f7b5386a00f0" WsdlOperationName="POST__folders__id__copy"/><Operation InterfaceName="{https://api.box.com/2.0}Box_Content_API_PortType" ManagementState="Enabled" NumOfVirtualizedOperations="0" OperationKey="8fc31837-97c0-11e4-bfec-8fb3ddad882e" OperationLastUpdatedAt="2015-01-09T05:30:18.583Z" OperationName="POST /group_memberships" PolicyAvailable="true" ServiceKey="uddi:b8f45d13-8b0f-11e4-afed-f7b5386a00f0" WsdlOperationName="POST__group_memberships"/><Operation InterfaceName="{https://api.box.com/2.0}Box_Content_API_PortType" ManagementState="Enabled" NumOfVirtualizedOperations="0" OperationKey="8fc477cc-97c0-11e4-bfec-8fb3ddad882e" OperationLastUpdatedAt="2015-01-09T05:30:18.583Z" OperationName="POST /group_memberships/{id}" PolicyAvailable="true" ServiceKey="uddi:b8f45d13-8b0f-11e4-afed-f7b5386a00f0" WsdlOperationName="POST__group_memberships__id_"/><Operation InterfaceName="{https://api.box.com/2.0}Box_Content_API_PortType" ManagementState="Enabled" NumOfVirtualizedOperations="0" OperationKey="8fbfe3de-97c0-11e4-bfec-8fb3ddad882e" OperationLastUpdatedAt="2015-01-09T05:30:18.583Z" OperationName="POST /groups" PolicyAvailable="true" ServiceKey="uddi:b8f45d13-8b0f-11e4-afed-f7b5386a00f0" WsdlOperationName="POST__groups"/><Operation InterfaceName="{https://api.box.com/2.0}Box_Content_API_PortType" ManagementState="Enabled" NumOfVirtualizedOperations="0" OperationKey="8fc9cf0c-97c0-11e4-bfec-8fb3ddad882e" OperationLastUpdatedAt="2015-01-09T05:30:18.583Z" OperationName="POST /task_assignments" PolicyAvailable="true" ServiceKey="uddi:b8f45d13-8b0f-11e4-afed-f7b5386a00f0" WsdlOperationName="POST__task_assignments"/><Operation InterfaceName="{https://api.box.com/2.0}Box_Content_API_PortType" ManagementState="Enabled" NumOfVirtualizedOperations="0" OperationKey="8fc673a2-97c0-11e4-bfec-8fb3ddad882e" OperationLastUpdatedAt="2015-01-09T05:30:18.583Z" OperationName="POST /tasks" PolicyAvailable="true" ServiceKey="uddi:b8f45d13-8b0f-11e4-afed-f7b5386a00f0" WsdlOperationName="POST__tasks"/><Operation InterfaceName="{https://api.box.com/2.0}Box_Content_API_PortType" ManagementState="Enabled" NumOfVirtualizedOperations="0" OperationKey="8fb3aec8-97c0-11e4-bfec-8fb3ddad882e" OperationLastUpdatedAt="2015-01-09T05:30:18.583Z" OperationName="POST /users" PolicyAvailable="true" ServiceKey="uddi:b8f45d13-8b0f-11e4-afed-f7b5386a00f0" WsdlOperationName="POST__users"/><Operation InterfaceName="{https://api.box.com/2.0}Box_Content_API_PortType" ManagementState="Enabled" NumOfVirtualizedOperations="0" OperationKey="8fb97b33-97c0-11e4-bfec-8fb3ddad882e" OperationLastUpdatedAt="2015-01-09T05:30:18.583Z" OperationName="POST /users/{id}/email_aliases" PolicyAvailable="true" ServiceKey="uddi:b8f45d13-8b0f-11e4-afed-f7b5386a00f0" WsdlOperationName="POST__users__id__email_aliases"/><Operation InterfaceName="{https://api.box.com/2.0}Box_Content_API_PortType" ManagementState="Enabled" NumOfVirtualizedOperations="0" OperationKey="8facf7f9-97c0-11e4-bfec-8fb3ddad882e" OperationLastUpdatedAt="2015-01-09T05:30:18.583Z" OperationName="PUT /collaborations/{id}" PolicyAvailable="true" ServiceKey="uddi:b8f45d13-8b0f-11e4-afed-f7b5386a00f0" WsdlOperationName="PUT__collaborations__id_"/><Operation InterfaceName="{https://api.box.com/2.0}Box_Content_API_PortType" ManagementState="Enabled" NumOfVirtualizedOperations="0" OperationKey="8faa86f0-97c0-11e4-bfec-8fb3ddad882e" OperationLastUpdatedAt="2015-01-09T05:30:18.583Z" OperationName="PUT /comments/{comment_id}" PolicyAvailable="true" ServiceKey="uddi:b8f45d13-8b0f-11e4-afed-f7b5386a00f0" WsdlOperationName="PUT__comments__comment_id_"/><Operation InterfaceName="{https://api.box.com/2.0}Box_Content_API_PortType" ManagementState="Enabled" NumOfVirtualizedOperations="0" OperationKey="8fa27084-97c0-11e4-bfec-8fb3ddad882e" OperationLastUpdatedAt="2015-01-09T05:30:18.583Z" OperationName="PUT /files/{id}" PolicyAvailable="true" ServiceKey="uddi:b8f45d13-8b0f-11e4-afed-f7b5386a00f0" WsdlOperationName="PUT__files__id_"/><Operation InterfaceName="{https://api.box.com/2.0}Box_Content_API_PortType" ManagementState="Enabled" NumOfVirtualizedOperations="0" OperationKey="8f9bb9ae-97c0-11e4-bfec-8fb3ddad882e" OperationLastUpdatedAt="2015-01-09T05:30:18.583Z" OperationName="PUT /folders/{id}" PolicyAvailable="true" ServiceKey="uddi:b8f45d13-8b0f-11e4-afed-f7b5386a00f0" WsdlOperationName="PUT__folders__id_"/><Operation InterfaceName="{https://api.box.com/2.0}Box_Content_API_PortType" ManagementState="Enabled" NumOfVirtualizedOperations="0" OperationKey="8fc0a731-97c0-11e4-bfec-8fb3ddad882e" OperationLastUpdatedAt="2015-01-09T05:30:18.583Z" OperationName="PUT /groups/{id}" PolicyAvailable="true" ServiceKey="uddi:b8f45d13-8b0f-11e4-afed-f7b5386a00f0" WsdlOperationName="PUT__groups__id_"/><Operation InterfaceName="{https://api.box.com/2.0}Box_Content_API_PortType" ManagementState="Enabled" NumOfVirtualizedOperations="0" OperationKey="8fcbcae2-97c0-11e4-bfec-8fb3ddad882e" OperationLastUpdatedAt="2015-01-09T05:30:18.583Z" OperationName="PUT /task_assignments/{id}" PolicyAvailable="true" ServiceKey="uddi:b8f45d13-8b0f-11e4-afed-f7b5386a00f0" WsdlOperationName="PUT__task_assignments__id_"/><Operation InterfaceName="{https://api.box.com/2.0}Box_Content_API_PortType" ManagementState="Enabled" NumOfVirtualizedOperations="0" OperationKey="8fc7d337-97c0-11e4-bfec-8fb3ddad882e" OperationLastUpdatedAt="2015-01-09T05:30:18.583Z" OperationName="PUT /tasks/{id}" PolicyAvailable="true" ServiceKey="uddi:b8f45d13-8b0f-11e4-afed-f7b5386a00f0" WsdlOperationName="PUT__tasks__id_"/><Operation InterfaceName="{https://api.box.com/2.0}Box_Content_API_PortType" ManagementState="Enabled" NumOfVirtualizedOperations="0" OperationKey="8fb5356d-97c0-11e4-bfec-8fb3ddad882e" OperationLastUpdatedAt="2015-01-09T05:30:18.583Z" OperationName="PUT /users/{id}" PolicyAvailable="true" ServiceKey="uddi:b8f45d13-8b0f-11e4-afed-f7b5386a00f0" WsdlOperationName="PUT__users__id_"/><Operation InterfaceName="{https://api.box.com/2.0}Box_Content_API_PortType" ManagementState="Enabled" NumOfVirtualizedOperations="0" OperationKey="8fbe8449-97c0-11e4-bfec-8fb3ddad882e" OperationLastUpdatedAt="2015-01-09T05:30:18.583Z" OperationName="PUT /users/{id}/folders/{folder_id}" PolicyAvailable="true" ServiceKey="uddi:b8f45d13-8b0f-11e4-afed-f7b5386a00f0" WsdlOperationName="PUT__users__id__folders__folder_id_"/></Operations></PhysicalService><ns4:businessService businessKey="uddi:88af7f2a-b593-11e4-86ce-86c450a25418" serviceKey="uddi:b8f45d13-8b0f-11e4-afed-f7b5386a00f0"><ns4:name>Box_Content_API</ns4:name><ns4:bindingTemplates><ns4:bindingTemplate bindingKey="uddi:b9e48948-8b0f-11e4-afed-f7b5386a00f0" serviceKey="uddi:b8f45d13-8b0f-11e4-afed-f7b5386a00f0"><ns4:accessPoint useType="endPoint">https://api.box.com/2.0</ns4:accessPoint><ns4:tModelInstanceDetails><ns4:tModelInstanceInfo tModelKey="uddi:9f05ea30-56bf-7e12-e754-4b6229200ef1"><ns4:description>The wsdl:binding that this wsdl:port implements. The instanceParms specifies the port local name.</ns4:description><ns4:instanceDetails><ns4:instanceParms>Box_Content_API_port</ns4:instanceParms></ns4:instanceDetails></ns4:tModelInstanceInfo><ns4:tModelInstanceInfo tModelKey="uddi:61e46aa5-e601-6282-cc07-c03508f4d477"><ns4:description>The wsdl:portType that this wsdl:port implements.</ns4:description></ns4:tModelInstanceInfo></ns4:tModelInstanceDetails><ns4:categoryBag><ns4:keyedReference keyName="WSDL type" keyValue="port" tModelKey="uddi:uddi.org:wsdl:types"/></ns4:categoryBag></ns4:bindingTemplate></ns4:bindingTemplates><ns4:categoryBag><ns4:keyedReference keyName="Staging" keyValue="Staging" tModelKey="uddi:soa.com:servicelifecyclestage"/><ns4:keyedReference keyName="WSDL type" keyValue="service" tModelKey="uddi:uddi.org:wsdl:types"/><ns4:keyedReference keyName="service namespace" keyValue="https://api.box.com/2.0" tModelKey="uddi:uddi.org:xml:namespace"/><ns4:keyedReference keyName="service local name" keyValue="Box_Content_API" tModelKey="uddi:uddi.org:xml:localname"/><ns4:keyedReference keyName="1.0" keyValue="af1f0e84-e103-4d1e-8b3f-4cb53a1e628a" tModelKey="uddi:soa.com:serviceversion"/><ns4:keyedReferenceGroup tModelKey="uddi:soa.com:service:group"/></ns4:categoryBag></ns4:businessService><ns8:ExportServiceEndpoint><ns7:ServiceEndpoint><ns7:ServiceKey>uddi:b8f45d13-8b0f-11e4-afed-f7b5386a00f0</ns7:ServiceKey><ns7:Name>uddi:b9e48948-8b0f-11e4-afed-f7b5386a00f0</ns7:Name><ns7:Url>https://api.box.com/2.0</ns7:Url><ns7:BindingQName>{https://api.box.com/2.0}Box_Content_API_Binding</ns7:BindingQName><ns7:PortName>Box_Content_API_port</ns7:PortName><ns7:Protocol>https</ns7:Protocol></ns7:ServiceEndpoint><ns8:EndpointWsdlUri>wsdls/uddi_b9e48948-8b0f-11e4-afed-f7b5386a00f0.wsdl</ns8:EndpointWsdlUri></ns8:ExportServiceEndpoint></ns8:ExportService></ns8:ExportObjectConfiguration><ns8:ExportObjectConfiguration><ns2:ServiceKey><ns2:Key>uddi:42f77fbd-8a3a-11e4-b5c8-fd5ef4f56435</ns2:Key><ns2:ServiceQName>{http://www.soa.com/trialleads}TrialLeads_API_Binding</ns2:ServiceQName></ns2:ServiceKey><ns8:ExportService><VirtualService BusinessKey="uddi:88af7f2a-b593-11e4-86ce-86c450a25418" ServiceKey="uddi:42f77fbd-8a3a-11e4-b5c8-fd5ef4f56435" WsdlServiceLocalName="TrialLeads_API_Binding" WsdlTargetNamespaceUrl="http://www.soa.com/trialleads"><Name>TrialLeads_API_vs1</Name><Operations><LogicalOperation InterfaceName="{http://www.soa.com/trialleads}TrialLeads_API_PortType" ManagementState="Enabled" NumOfVirtualizedOperations="0" OperationKey="37f84c18-b312-11e4-a144-ca760559c5eb" OperationLastUpdatedAt="2015-02-16T04:50:46.487Z" OperationName="GET /leads" PolicyAvailable="true" ServiceKey="uddi:42f77fbd-8a3a-11e4-b5c8-fd5ef4f56435" WsdlOperationName="GET__leads"/><LogicalOperation InterfaceName="{http://www.soa.com/trialleads}TrialLeads_API_PortType" ManagementState="Enabled" NextHopOperationKey="uddi:dcf73e4d-6f5d-11e4-8fed-dad2b3c7c30a$$${http://localhost:3500}Crest_PortType$$$POST___db___collection_" NextHopOperationName="POST /street-address" NextHopServiceKey="uddi:6c6f6168-700a-11e4-8fed-dad2b3c7c30a" NextHopServiceName="SmartyStreets_API" NumOfVirtualizedOperations="0" OperationKey="37f761b5-b312-11e4-a144-ca760559c5eb" OperationLastUpdatedAt="2015-02-16T04:50:46.487Z" OperationName="POST /leads" PolicyAvailable="true" ServiceKey="uddi:42f77fbd-8a3a-11e4-b5c8-fd5ef4f56435" WsdlOperationName="POST__leads"><NextHopOperation InterfaceName="{https://api.smartystreets.com}SmartyStreets_API_PortType" OperationKey="f9f16876-97c0-11e4-bfec-8fb3ddad882e" OperationLastUpdatedAt="2015-01-09T05:33:01.717Z" OperationName="POST /street-address" ServiceKey="uddi:6c6f6168-700a-11e4-8fed-dad2b3c7c30a" ServiceName="SmartyStreets_API" WsdlOperationName="POST__street-address"/></LogicalOperation></Operations></VirtualService><ns4:businessService businessKey="uddi:88af7f2a-b593-11e4-86ce-86c450a25418" serviceKey="uddi:42f77fbd-8a3a-11e4-b5c8-fd5ef4f56435"><ns4:name>TrialLeads_API_vs1</ns4:name><ns4:bindingTemplates><ns4:bindingTemplate bindingKey="uddi:380e451c-b312-11e4-a144-ca760559c5eb" serviceKey="uddi:42f77fbd-8a3a-11e4-b5c8-fd5ef4f56435"><ns4:accessPoint useType="endPoint">http://win7-64-vm:80/leads_vs1</ns4:accessPoint><ns4:tModelInstanceDetails><ns4:tModelInstanceInfo tModelKey="uddi:3843dedd-8d3e-3f89-0dd3-4983132d1fd0"><ns4:description>The wsdl:binding that this wsdl:port implements. The instanceParms specifies the port local name.</ns4:description><ns4:instanceDetails><ns4:instanceParms>HTTPS</ns4:instanceParms></ns4:instanceDetails></ns4:tModelInstanceInfo><ns4:tModelInstanceInfo tModelKey="uddi:d20279c4-855f-b85a-8e68-a4e710409060"><ns4:description>The wsdl:portType that this wsdl:port implements.</ns4:description></ns4:tModelInstanceInfo></ns4:tModelInstanceDetails><ns4:categoryBag><ns4:keyedReference keyName="WSDL type" keyValue="port" tModelKey="uddi:uddi.org:wsdl:types"/><ns4:keyedReferenceGroup tModelKey="uddi:soa.com:serviceendpoint:group"><ns4:keyedReference keyName="containerKey" keyValue="ND-Cluster" tModelKey="uddi:soa.com:serviceendpoint:containername"/><ns4:keyedReference keyName="listenerName" keyValue="default-http0" tModelKey="uddi:soa.com:serviceendpoint:listenername"/></ns4:keyedReferenceGroup></ns4:categoryBag></ns4:bindingTemplate></ns4:bindingTemplates><ns4:categoryBag><ns4:keyedReference keyName="Virtual Service" keyValue="Virtual Service" tModelKey="uddi:digev.com:categorization:services"/><ns4:keyedReference keyName="Staging" keyValue="Staging" tModelKey="uddi:soa.com:servicelifecyclestage"/><ns4:keyedReference keyName="WSDL type" keyValue="service" tModelKey="uddi:uddi.org:wsdl:types"/><ns4:keyedReference keyName="service namespace" keyValue="http://www.soa.com/trialleads" tModelKey="uddi:uddi.org:xml:namespace"/><ns4:keyedReference keyName="service local name" keyValue="TrialLeads_API_Binding" tModelKey="uddi:uddi.org:xml:localname"/><ns4:keyedReference keyName="Managed Service" keyValue="Managed Service" tModelKey="uddi:digev.com:categorization:services"/><ns4:keyedReferenceGroup tModelKey="uddi:soa.com:service:group"/></ns4:categoryBag></ns4:businessService><ns8:ExportServiceEndpoint><ns7:ServiceEndpoint><ns7:ServiceKey>uddi:42f77fbd-8a3a-11e4-b5c8-fd5ef4f56435</ns7:ServiceKey><ns7:Name>uddi:380e451c-b312-11e4-a144-ca760559c5eb</ns7:Name><ns7:Url>http://win7-64-vm:80/leads_vs1</ns7:Url><ns7:BindingQName>{http://www.soa.com/trialleads}TrialLeads_API_Binding</ns7:BindingQName><ns7:PortName>HTTPS</ns7:PortName><ns7:Protocol>http</ns7:Protocol><ns7:ContainerKey>ND-Cluster</ns7:ContainerKey><ns7:ListenerName>default-http0</ns7:ListenerName></ns7:ServiceEndpoint><ns8:EndpointWsdlUri>wsdls/uddi_380e451c-b312-11e4-a144-ca760559c5eb.wsdl</ns8:EndpointWsdlUri></ns8:ExportServiceEndpoint><ns8:BpelUri>services/uddi_42f77fbd-8a3a-11e4-b5c8-fd5ef4f56435/bpel.xml</ns8:BpelUri><ns8:ManagementUri>services/uddi_42f77fbd-8a3a-11e4-b5c8-fd5ef4f56435/management.xml</ns8:ManagementUri></ns8:ExportService></ns8:ExportObjectConfiguration><ns8:ExportObjectConfiguration><ns2:ServiceKey><ns2:Key>uddi:7419dd65-6e92-11e4-8fed-dad2b3c7c30a</ns2:Key><ns2:ServiceQName>{https://login.salesforce.com/services/oauth2}SalesforceAuthentication</ns2:ServiceQName></ns2:ServiceKey><ns8:ExportService><PhysicalService BusinessKey="uddi:88af7f2a-b593-11e4-86ce-86c450a25418" Discovered="false" ServiceKey="uddi:7419dd65-6e92-11e4-8fed-dad2b3c7c30a" WsdlServiceLocalName="SalesforceAuthentication" WsdlTargetNamespaceUrl="https://login.salesforce.com/services/oauth2"><Name>SalesforceAuthentication</Name><Description></Description><Operations><Operation InterfaceName="{https://login.salesforce.com/services/oauth2}SalesforceAuthentication_PortType" ManagementState="Enabled" NumOfVirtualizedOperations="1" OperationKey="e1dfe87c-97c0-11e4-bfec-8fb3ddad882e" OperationLastUpdatedAt="2015-01-09T05:32:20.947Z" OperationName="POST /token" PolicyAvailable="true" ServiceKey="uddi:7419dd65-6e92-11e4-8fed-dad2b3c7c30a" WsdlOperationName="POST__token"/></Operations></PhysicalService><ns4:businessService businessKey="uddi:88af7f2a-b593-11e4-86ce-86c450a25418" serviceKey="uddi:7419dd65-6e92-11e4-8fed-dad2b3c7c30a"><ns4:name>SalesforceAuthentication</ns4:name><ns4:bindingTemplates><ns4:bindingTemplate bindingKey="uddi:744e81fc-6e92-11e4-8fed-dad2b3c7c30a" serviceKey="uddi:7419dd65-6e92-11e4-8fed-dad2b3c7c30a"><ns4:accessPoint useType="endPoint">https://login.salesforce.com/services/oauth2</ns4:accessPoint><ns4:tModelInstanceDetails><ns4:tModelInstanceInfo tModelKey="uddi:69eb6109-5a11-7127-04a4-f1f28b7ecf04"><ns4:description>The wsdl:binding that this wsdl:port implements. The instanceParms specifies the port local name.</ns4:description><ns4:instanceDetails><ns4:instanceParms>SalesforceAuthentication_port</ns4:instanceParms></ns4:instanceDetails></ns4:tModelInstanceInfo><ns4:tModelInstanceInfo tModelKey="uddi:2efde530-cd3d-3bf4-8035-f4eef7bdb6ee"><ns4:description>The wsdl:portType that this wsdl:port implements.</ns4:description></ns4:tModelInstanceInfo></ns4:tModelInstanceDetails><ns4:categoryBag><ns4:keyedReference keyName="WSDL type" keyValue="port" tModelKey="uddi:uddi.org:wsdl:types"/></ns4:categoryBag></ns4:bindingTemplate></ns4:bindingTemplates><ns4:categoryBag><ns4:keyedReference keyName="Staging" keyValue="Staging" tModelKey="uddi:soa.com:servicelifecyclestage"/><ns4:keyedReference keyName="WSDL type" keyValue="service" tModelKey="uddi:uddi.org:wsdl:types"/><ns4:keyedReference keyName="service namespace" keyValue="https://login.salesforce.com/services/oauth2" tModelKey="uddi:uddi.org:xml:namespace"/><ns4:keyedReference keyName="service local name" keyValue="SalesforceAuthentication" tModelKey="uddi:uddi.org:xml:localname"/><ns4:keyedReference keyName="1.0" keyValue="723e2f8b-4ae0-4d11-a54f-45ee89bbb07e" tModelKey="uddi:soa.com:serviceversion"/><ns4:keyedReferenceGroup tModelKey="uddi:soa.com:service:group"/></ns4:categoryBag></ns4:businessService><ns8:ExportServiceEndpoint><ns7:ServiceEndpoint><ns7:ServiceKey>uddi:7419dd65-6e92-11e4-8fed-dad2b3c7c30a</ns7:ServiceKey><ns7:Name>uddi:744e81fc-6e92-11e4-8fed-dad2b3c7c30a</ns7:Name><ns7:Url>https://login.salesforce.com/services/oauth2</ns7:Url><ns7:BindingQName>{https://login.salesforce.com/services/oauth2}SalesforceAuthentication_Binding</ns7:BindingQName><ns7:PortName>SalesforceAuthentication_port</ns7:PortName><ns7:Protocol>https</ns7:Protocol></ns7:ServiceEndpoint><ns8:EndpointWsdlUri>wsdls/uddi_744e81fc-6e92-11e4-8fed-dad2b3c7c30a.wsdl</ns8:EndpointWsdlUri></ns8:ExportServiceEndpoint></ns8:ExportService></ns8:ExportObjectConfiguration><ns8:ExportObjectConfiguration><ns2:ServiceKey><ns2:Key>uddi:dcf73e4d-6f5d-11e4-8fed-dad2b3c7c30a</ns2:Key><ns2:ServiceQName>{http://localhost:3500}Crest</ns2:ServiceQName></ns2:ServiceKey><ns8:ExportService><PhysicalService BusinessKey="uddi:88af7f2a-b593-11e4-86ce-86c450a25418" Discovered="false" ServiceKey="uddi:dcf73e4d-6f5d-11e4-8fed-dad2b3c7c30a" WsdlServiceLocalName="Crest" WsdlTargetNamespaceUrl="http://localhost:3500"><Name>Crest</Name><Description></Description><Operations><Operation InterfaceName="{http://localhost:3500}Crest_PortType" ManagementState="Enabled" NumOfVirtualizedOperations="0" OperationKey="a56f5bea-8b15-11e4-afed-f7b5386a00f0" OperationLastUpdatedAt="2014-12-24T02:36:22.070Z" OperationName="DELETE /{db}/{collection}/{id}" PolicyAvailable="true" ServiceKey="uddi:dcf73e4d-6f5d-11e4-8fed-dad2b3c7c30a" WsdlOperationName="DELETE___db___collection___id_"/><Operation InterfaceName="{http://localhost:3500}Crest_PortType" ManagementState="Enabled" NumOfVirtualizedOperations="0" OperationKey="a56ceae2-8b15-11e4-afed-f7b5386a00f0" OperationLastUpdatedAt="2014-12-24T02:36:22.070Z" OperationName="GET /{db}/{collection}" PolicyAvailable="true" ServiceKey="uddi:dcf73e4d-6f5d-11e4-8fed-dad2b3c7c30a" WsdlOperationName="GET___db___collection_"/><Operation InterfaceName="{http://localhost:3500}Crest_PortType" ManagementState="Enabled" NumOfVirtualizedOperations="0" OperationKey="a56e2366-8b15-11e4-afed-f7b5386a00f0" OperationLastUpdatedAt="2014-12-24T02:36:22.070Z" OperationName="GET /{db}/{collection}/{id}" PolicyAvailable="true" ServiceKey="uddi:dcf73e4d-6f5d-11e4-8fed-dad2b3c7c30a" WsdlOperationName="GET___db___collection___id_"/><Operation InterfaceName="{http://localhost:3500}Crest_PortType" ManagementState="Enabled" NumOfVirtualizedOperations="1" OperationKey="a56dae34-8b15-11e4-afed-f7b5386a00f0" OperationLastUpdatedAt="2014-12-24T02:36:22.070Z" OperationName="POST /{db}/{collection}" PolicyAvailable="true" ServiceKey="uddi:dcf73e4d-6f5d-11e4-8fed-dad2b3c7c30a" WsdlOperationName="POST___db___collection_"/><Operation InterfaceName="{http://localhost:3500}Crest_PortType" ManagementState="Enabled" NumOfVirtualizedOperations="0" OperationKey="a56ebfa8-8b15-11e4-afed-f7b5386a00f0" OperationLastUpdatedAt="2014-12-24T02:36:22.070Z" OperationName="PUT /{db}/{collection}/{id}" PolicyAvailable="true" ServiceKey="uddi:dcf73e4d-6f5d-11e4-8fed-dad2b3c7c30a" WsdlOperationName="PUT___db___collection___id_"/></Operations></PhysicalService><ns4:businessService businessKey="uddi:88af7f2a-b593-11e4-86ce-86c450a25418" serviceKey="uddi:dcf73e4d-6f5d-11e4-8fed-dad2b3c7c30a"><ns4:name>Crest</ns4:name><ns4:bindingTemplates><ns4:bindingTemplate bindingKey="uddi:dd1d6400-6f5d-11e4-8fed-dad2b3c7c30a" serviceKey="uddi:dcf73e4d-6f5d-11e4-8fed-dad2b3c7c30a"><ns4:accessPoint useType="endPoint">http://localhost:3500</ns4:accessPoint><ns4:tModelInstanceDetails><ns4:tModelInstanceInfo tModelKey="uddi:6db383f2-9246-79fc-3d33-3873642526d2"><ns4:description>The wsdl:binding that this wsdl:port implements. The instanceParms specifies the port local name.</ns4:description><ns4:instanceDetails><ns4:instanceParms>Crest_port</ns4:instanceParms></ns4:instanceDetails></ns4:tModelInstanceInfo><ns4:tModelInstanceInfo tModelKey="uddi:5cb9f1b6-9efb-5a81-0cc7-0a7a998853cf"><ns4:description>The wsdl:portType that this wsdl:port implements.</ns4:description></ns4:tModelInstanceInfo></ns4:tModelInstanceDetails><ns4:categoryBag><ns4:keyedReference keyName="WSDL type" keyValue="port" tModelKey="uddi:uddi.org:wsdl:types"/></ns4:categoryBag></ns4:bindingTemplate></ns4:bindingTemplates><ns4:categoryBag><ns4:keyedReference keyName="Staging" keyValue="Staging" tModelKey="uddi:soa.com:servicelifecyclestage"/><ns4:keyedReference keyName="WSDL type" keyValue="service" tModelKey="uddi:uddi.org:wsdl:types"/><ns4:keyedReference keyName="service namespace" keyValue="http://localhost:3500" tModelKey="uddi:uddi.org:xml:namespace"/><ns4:keyedReference keyName="service local name" keyValue="Crest" tModelKey="uddi:uddi.org:xml:localname"/><ns4:keyedReference keyName="1.0" keyValue="6677fe83-a4a3-42e4-81c6-30a763971b1e" tModelKey="uddi:soa.com:serviceversion"/><ns4:keyedReferenceGroup tModelKey="uddi:soa.com:service:group"/></ns4:categoryBag></ns4:businessService><ns8:ExportServiceEndpoint><ns7:ServiceEndpoint><ns7:ServiceKey>uddi:dcf73e4d-6f5d-11e4-8fed-dad2b3c7c30a</ns7:ServiceKey><ns7:Name>uddi:dd1d6400-6f5d-11e4-8fed-dad2b3c7c30a</ns7:Name><ns7:Url>http://localhost:3500</ns7:Url><ns7:BindingQName>{http://localhost:3500}Crest_Binding</ns7:BindingQName><ns7:PortName>Crest_port</ns7:PortName><ns7:Protocol>http</ns7:Protocol></ns7:ServiceEndpoint><ns8:EndpointWsdlUri>wsdls/uddi_dd1d6400-6f5d-11e4-8fed-dad2b3c7c30a.wsdl</ns8:EndpointWsdlUri></ns8:ExportServiceEndpoint></ns8:ExportService></ns8:ExportObjectConfiguration><ns8:ExportObjectConfiguration><ns2:ContractKey><ns2:Key>b496d3b3-b597-11e4-86ce-86c450a25418</ns2:Key></ns2:ContractKey><ns8:ExportContract><ns11:Contract><ns11:ContractInfo Anonymous="true" Key="b496d3b3-b597-11e4-86ce-86c450a25418:1094" Name="Anonymous" State="Activated"><ns11:Description></ns11:Description><ns11:ProviderOrganizationKey>uddi:88af7f2a-b593-11e4-86ce-86c450a25418</ns11:ProviderOrganizationKey><ns2:EffectiveDateTimes><ns2:StartDateTime><ns2:DateTime>2015-02-16T15:52:00+11:00</ns2:DateTime><ns2:TimezoneName>Australia/Sydney</ns2:TimezoneName></ns2:StartDateTime><ns2:EndDateTime><ns2:DateTime>2016-02-16T15:52:00+11:00</ns2:DateTime><ns2:TimezoneName>Australia/Sydney</ns2:TimezoneName></ns2:EndDateTime><ns2:Expire>false</ns2:Expire></ns2:EffectiveDateTimes><ns11:ContractVersionInfo><ns11:LastModifiedTimestamp>2015-02-16+11:00</ns11:LastModifiedTimestamp><ns11:User>Local Domain\administrator</ns11:User><ns11:MetadataVersion>1</ns11:MetadataVersion><ns11:ActiveMetadataVersion>1</ns11:ActiveMetadataVersion></ns11:ContractVersionInfo><ns11:ContractType>service.contract</ns11:ContractType></ns11:ContractInfo><ns11:ContractScope><ns2:OrganizationKey>uddi:88af7f2a-b593-11e4-86ce-86c450a25418</ns2:OrganizationKey></ns11:ContractScope></ns11:Contract></ns8:ExportContract></ns8:ExportObjectConfiguration><ns8:ExportObjectConfiguration><ns2:IdentityKey><ns2:Key>Local Domain\YvCBXL81UK50GW2GFWlfHw==</ns2:Key><ns2:DomainName>Local Domain</ns2:DomainName><ns2:UserName>YvCBXL81UK50GW2GFWlfHw==</ns2:UserName></ns2:IdentityKey><ns8:ExportUserIdentity><ns15:User DomainName="Local Domain" UserName="YvCBXL81UK50GW2GFWlfHw=="><ns15:FullName>Service: uddi:6c6f6168-700a-11e4-8fed-dad2b3c7c30a</ns15:FullName><ns15:IdentityKey>urn:uuid:f9b34e01-97c0-11e4-bfec-8fb3ddad882e</ns15:IdentityKey><ns15:Password>Gcu+1d1JfE1N2GtWrqI/pikcjhushlvsllHBPLOR3rzcTpP8KCdYQcz+NxxdX/wy6bDJoO5fkwDH6Jdk+t5wig==</ns15:Password><ns15:Disabled>false</ns15:Disabled><ns15:ForcePwdResetOnNextLogin>false</ns15:ForcePwdResetOnNextLogin><ns15:Expired>false</ns15:Expired><ns15:ReadOnly>true</ns15:ReadOnly><ns15:PasswordFrmSeed>0</ns15:PasswordFrmSeed><ns15:OrganizationKey>uddi:soa.com:registryorganization</ns15:OrganizationKey><ns15:PasswordSalt>x0IrYTMzi9Azg0XMMjkeJL7SHTB+hPZ9Fhh0lIMwDAKbKY/pzavVemxYcf1tI0wH0CzJG1chmXP/K+oCUtbh3g==</ns15:PasswordSalt></ns15:User><ns8:PKIGenerated>true</ns8:PKIGenerated></ns8:ExportUserIdentity></ns8:ExportObjectConfiguration><ns8:ExportObjectConfiguration><ns2:IdentityKey><ns2:Key>Local Domain\nwcWW6tKJrGg68dvodUztQ==</ns2:Key><ns2:DomainName>Local Domain</ns2:DomainName><ns2:UserName>nwcWW6tKJrGg68dvodUztQ==</ns2:UserName></ns2:IdentityKey><ns8:ExportUserIdentity><ns15:User DomainName="Local Domain" UserName="nwcWW6tKJrGg68dvodUztQ=="><ns15:FullName>Service: uddi:ebad85bf-70d5-11e4-aac9-abab048c21b3</ns15:FullName><ns15:IdentityKey>urn:uuid:d655803f-97c0-11e4-bfec-8fb3ddad882e</ns15:IdentityKey><ns15:Password>CzKfgKfVpv/wQ2NG4tduG8FXn4GALqHNwBRzX+NzGPCYjWIEuz9Ttxr8EXfmP0c/YHeVgaFxjV+N3AywzdliIQ==</ns15:Password><ns15:Disabled>false</ns15:Disabled><ns15:ForcePwdResetOnNextLogin>false</ns15:ForcePwdResetOnNextLogin><ns15:Expired>false</ns15:Expired><ns15:ReadOnly>true</ns15:ReadOnly><ns15:PasswordFrmSeed>0</ns15:PasswordFrmSeed><ns15:OrganizationKey>uddi:soa.com:registryorganization</ns15:OrganizationKey><ns15:PasswordSalt>TQ8oSrLqHf7ytJWddNgbg9rIPkM4RZHZ9ws6kevGgHqIFkOEbl7T5DM5YkzAjinl63WZpqVG1wHPP7lm17k8AA==</ns15:PasswordSalt></ns15:User><ns8:PKIGenerated>true</ns8:PKIGenerated></ns8:ExportUserIdentity></ns8:ExportObjectConfiguration><ns8:ExportObjectConfiguration><ns2:IdentityKey><ns2:Key>Local Domain\MK9x2A9gzkcd95RWxVMerg==</ns2:Key><ns2:DomainName>Local Domain</ns2:DomainName><ns2:UserName>MK9x2A9gzkcd95RWxVMerg==</ns2:UserName></ns2:IdentityKey><ns8:ExportUserIdentity><ns15:User DomainName="Local Domain" UserName="MK9x2A9gzkcd95RWxVMerg=="><ns15:FullName>Service: uddi:25734f6f-71c4-11e4-b9af-fdd44115e303</ns15:FullName><ns15:IdentityKey>urn:uuid:eda50fbc-97c0-11e4-bfec-8fb3ddad882e</ns15:IdentityKey><ns15:Password>Hm0hTak8C4N2/SxdrlgT0EBAkawEMyw2Wfllchi3cRZfWzDLIy/scpj+HRpz4E9i8fHJxmbp2AzXKZk52BmdwA==</ns15:Password><ns15:Disabled>false</ns15:Disabled><ns15:ForcePwdResetOnNextLogin>false</ns15:ForcePwdResetOnNextLogin><ns15:Expired>false</ns15:Expired><ns15:ReadOnly>true</ns15:ReadOnly><ns15:PasswordFrmSeed>0</ns15:PasswordFrmSeed><ns15:OrganizationKey>uddi:soa.com:registryorganization</ns15:OrganizationKey><ns15:PasswordSalt>NBj1nIumHigoFYoGGW2c85V5zj/Xp1wfzsPo9tlOaF62H8u+wOqqY1yopciqdmMA3A1Ij50Zi8K/2sRUYrS8jg==</ns15:PasswordSalt></ns15:User><ns8:PKIGenerated>true</ns8:PKIGenerated></ns8:ExportUserIdentity></ns8:ExportObjectConfiguration><ns8:ExportObjectConfiguration><ns2:IdentityKey><ns2:Key>Local Domain\oU9dPJNFWaxWayOkwgadOQ==</ns2:Key><ns2:DomainName>Local Domain</ns2:DomainName><ns2:UserName>oU9dPJNFWaxWayOkwgadOQ==</ns2:UserName></ns2:IdentityKey><ns8:ExportUserIdentity><ns15:User DomainName="Local Domain" UserName="oU9dPJNFWaxWayOkwgadOQ=="><ns15:FullName>Service: uddi:b8f45d13-8b0f-11e4-afed-f7b5386a00f0</ns15:FullName><ns15:IdentityKey>urn:uuid:8f341e34-97c0-11e4-bfec-8fb3ddad882e</ns15:IdentityKey><ns15:Password>LNFyNkLFR3YswLiON5zXKISny2GLfekMRtdXVHpT6TzR6QaEaZnjv32j4IZINR3lcGHYDb4hPAoITpm98etdfg==</ns15:Password><ns15:Disabled>false</ns15:Disabled><ns15:ForcePwdResetOnNextLogin>false</ns15:ForcePwdResetOnNextLogin><ns15:Expired>false</ns15:Expired><ns15:ReadOnly>true</ns15:ReadOnly><ns15:PasswordFrmSeed>0</ns15:PasswordFrmSeed><ns15:OrganizationKey>uddi:soa.com:registryorganization</ns15:OrganizationKey><ns15:PasswordSalt>F67zesceChK49U20Raw6o2PgNUJvBUuFzfx1DyRZ2BpAqxavDUVdM8oqfhitFSlxwlcr7Nq+eB5kpexSqIMaVQ==</ns15:PasswordSalt></ns15:User><ns8:PKIGenerated>true</ns8:PKIGenerated></ns8:ExportUserIdentity></ns8:ExportObjectConfiguration><ns8:ExportObjectConfiguration><ns2:IdentityKey><ns2:Key>Local Domain\aIJC5K46aC9MGZvCLh79jw==</ns2:Key><ns2:DomainName>Local Domain</ns2:DomainName><ns2:UserName>aIJC5K46aC9MGZvCLh79jw==</ns2:UserName></ns2:IdentityKey><ns8:ExportUserIdentity><ns15:User DomainName="Local Domain" UserName="aIJC5K46aC9MGZvCLh79jw=="><ns15:FullName>Service: uddi:dcf73e4d-6f5d-11e4-8fed-dad2b3c7c30a</ns15:FullName><ns15:IdentityKey>urn:uuid:a55432bf-8b15-11e4-afed-f7b5386a00f0</ns15:IdentityKey><ns15:Password>ijNmay676zz21MulPslc9urIBCq0mNEB6+wI+fS+3yCxbMMTeZyJFLa39CfOXveck+yyEPjbXK+UcPQROuADCg==</ns15:Password><ns15:Disabled>false</ns15:Disabled><ns15:ForcePwdResetOnNextLogin>false</ns15:ForcePwdResetOnNextLogin><ns15:Expired>false</ns15:Expired><ns15:ReadOnly>true</ns15:ReadOnly><ns15:PasswordFrmSeed>0</ns15:PasswordFrmSeed><ns15:OrganizationKey>uddi:soa.com:registryorganization</ns15:OrganizationKey><ns15:PasswordSalt>gMppI93/HkmZ45WPdQDHDE3zH+NxO5Bvw5FOwaGRcEl2kfR6p4OqmqvtscLgut5UG/57Xo1EDY7zJZLaPBxJiA==</ns15:PasswordSalt></ns15:User><ns8:PKIGenerated>true</ns8:PKIGenerated></ns8:ExportUserIdentity></ns8:ExportObjectConfiguration><ns8:ExportObjectConfiguration><ns2:IdentityKey><ns2:Key>Local Domain\pCOuir9W#hYYWYtGGkd3fg==</ns2:Key><ns2:DomainName>Local Domain</ns2:DomainName><ns2:UserName>pCOuir9W#hYYWYtGGkd3fg==</ns2:UserName></ns2:IdentityKey><ns8:ExportUserIdentity><ns15:User DomainName="Local Domain" UserName="pCOuir9W#hYYWYtGGkd3fg=="><ns15:FullName>Service: uddi:6db7ec70-909e-11e4-a66e-cc30e22db7ff</ns15:FullName><ns15:IdentityKey>urn:uuid:a433a3e7-97c0-11e4-bfec-8fb3ddad882e</ns15:IdentityKey><ns15:Password>g01YXBFuLRDdVpNOkHSAFcEmwhUF66sYKZBdsBAiEaPVQ4l4jkBRK3nZkMDFHDBlJloMjCziCwa4w3tqaejxTg==</ns15:Password><ns15:Disabled>false</ns15:Disabled><ns15:ForcePwdResetOnNextLogin>false</ns15:ForcePwdResetOnNextLogin><ns15:Expired>false</ns15:Expired><ns15:ReadOnly>true</ns15:ReadOnly><ns15:PasswordFrmSeed>0</ns15:PasswordFrmSeed><ns15:OrganizationKey>uddi:soa.com:registryorganization</ns15:OrganizationKey><ns15:PasswordSalt>ton6Nz3kLzGLARU4A/IUCWy0fqWKBZxffYrTJ6CjceNkm3rLkLQru6k09FX1YjtuDBP+Lm5rJRPACXuJgTSNkg==</ns15:PasswordSalt></ns15:User><ns8:PKIGenerated>true</ns8:PKIGenerated></ns8:ExportUserIdentity></ns8:ExportObjectConfiguration><ns8:ExportObjectConfiguration><ns2:IdentityKey><ns2:Key>Local Domain\rkKAEF+qxn682ZnwahqEew==</ns2:Key><ns2:DomainName>Local Domain</ns2:DomainName><ns2:UserName>rkKAEF+qxn682ZnwahqEew==</ns2:UserName></ns2:IdentityKey><ns8:ExportUserIdentity><ns15:User DomainName="Local Domain" UserName="rkKAEF+qxn682ZnwahqEew=="><ns15:FullName>Service: uddi:7419dd65-6e92-11e4-8fed-dad2b3c7c30a</ns15:FullName><ns15:IdentityKey>urn:uuid:e1bd1e39-97c0-11e4-bfec-8fb3ddad882e</ns15:IdentityKey><ns15:Password>0YU/AIOWFfQeJ6NcphZPJHAYFTX2R6nqjKtdqsll6G5nj3NaB6wuKDSDKeAlZt21FUoA48XIMrIEout2AI+cdg==</ns15:Password><ns15:Disabled>false</ns15:Disabled><ns15:ForcePwdResetOnNextLogin>false</ns15:ForcePwdResetOnNextLogin><ns15:Expired>false</ns15:Expired><ns15:ReadOnly>true</ns15:ReadOnly><ns15:PasswordFrmSeed>0</ns15:PasswordFrmSeed><ns15:OrganizationKey>uddi:soa.com:registryorganization</ns15:OrganizationKey><ns15:PasswordSalt>rGsd31ZhOStdj3OxYG0MhdOSmfrtgDbfAgizilVHZhORMmQsLg68ujn5lMC6TH/BFwIp71Hvqrl94OXATzXuXA==</ns15:PasswordSalt></ns15:User><ns8:PKIGenerated>true</ns8:PKIGenerated></ns8:ExportUserIdentity></ns8:ExportObjectConfiguration><ns8:ExportObjectConfiguration><ns2:IdentityKey><ns2:Key>Local Domain\9KOu1+RMnccZr+syHxQhQQ==</ns2:Key><ns2:DomainName>Local Domain</ns2:DomainName><ns2:UserName>9KOu1+RMnccZr+syHxQhQQ==</ns2:UserName></ns2:IdentityKey><ns8:ExportUserIdentity><ns15:User DomainName="Local Domain" UserName="9KOu1+RMnccZr+syHxQhQQ=="><ns15:FullName>Service: uddi:42f77fbd-8a3a-11e4-b5c8-fd5ef4f56435</ns15:FullName><ns15:IdentityKey>urn:uuid:37d819e2-b312-11e4-a144-ca760559c5eb</ns15:IdentityKey><ns15:Password>fBQxf74fCOpIalES6nKdowpIEqV/okdmUTYrzstn/n9YPUH+8MJyZ8FOC9bY/woggjBP0VqEhdqPH3utugMwqg==</ns15:Password><ns15:Disabled>false</ns15:Disabled><ns15:ForcePwdResetOnNextLogin>false</ns15:ForcePwdResetOnNextLogin><ns15:Expired>false</ns15:Expired><ns15:ReadOnly>true</ns15:ReadOnly><ns15:PasswordFrmSeed>0</ns15:PasswordFrmSeed><ns15:OrganizationKey>uddi:soa.com:registryorganization</ns15:OrganizationKey><ns15:PasswordSalt>YWuIJmyt4dA6qYuf0mggXSnYq8u65nfVxjzx3xjAVXo+01S9AMR/f61yHfFZOHFcs/mibUcw7itjm+AfDnOd4Q==</ns15:PasswordSalt></ns15:User><ns8:PKIGenerated>true</ns8:PKIGenerated></ns8:ExportUserIdentity></ns8:ExportObjectConfiguration></ns8:ExportConfiguration>