<?xml version="1.0" encoding="UTF-8"?>
<process name="GET__helloworld" ns2:processKey="bpel:5f39245f-cc5e-11e4-93fa-864b2dedf790" targetNamespace="https://soa.com" xmlns="http://schemas.xmlsoap.org/ws/2003/03/business-process/" xmlns:ns10="http://soa.com/capabilities/service/virtualization/bpel/activity" xmlns:ns2="http://soa.com/bpel/ext" xmlns:ns3="http://soa.com/capabilities/service/virtualization/bpel" xmlns:ns4="http://schemas.xmlsoap.org/ws/2006/02/addressingidentity" xmlns:ns5="http://www.w3.org/2000/09/xmldsig#" xmlns:ns6="http://docs.oasis-open.org/wss/2004/01/oasis-200401-wss-wssecurity-secext-1.0.xsd" xmlns:ns7="http://docs.oasis-open.org/wss/2004/01/oasis-200401-wss-wssecurity-utility-1.0.xsd" xmlns:ns8="http://schemas.xmlsoap.org/ws/2004/09/mex" xmlns:ns9="http://schemas.xmlsoap.org/ws/2003/05/partner-link/"><ns9:partnerLinkType name="Box_API_Hook_PortTypeProvider"><ns9:role name="Provider"><ns9:portType name="ns11:Box_API_Hook_PortType" xmlns:ns11="https://soa.com"/></ns9:role></ns9:partnerLinkType><ns9:partnerLinkType name="ActivityPortTypeConsumer"><ns9:role name="Consumer"><ns9:portType name="ns10:ActivityPortType"/></ns9:role></ns9:partnerLinkType><ns10:Activities><ns10:Activity ActivityType="ns11:ProcessActivity" LastUpdated="1429247154162" Name="CallHelloWorld" xmlns:ns11="http://soa.com/uri/products/activity/process/xsd/1.0"><ns5:ProcessActivity xmlns="http://soa.com/uri/products/activity/audit/xsd/1.0" xmlns:ns2="http://soa.com/uri/products/activity/script/xsd/1.0" xmlns:ns3="http://soa.com/uri/products/activity/stripxml/xsd/1.0" xmlns:ns4="http://soa.com/uri/products/activity/xform/xsd/1.0" xmlns:ns5="http://soa.com/uri/products/activity/process/xsd/1.0" xmlns:ns6="http://soa.com/uri/products/activity/insertxml/xsd/1.0" xmlns:ns7="http://soa.com/uri/products/activity/insertcontent/xsd/1.0"><ns5:ProcessID>bpel:ed38ba14-cc5d-11e4-93fa-864b2dedf790</ns5:ProcessID></ns5:ProcessActivity></ns10:Activity></ns10:Activities><ns9:partnerLinkType name="Box_Content_API_PortTypeConsumer"><ns9:role name="Consumer"><ns9:portType name="ns11:Box_Content_API_PortType" xmlns:ns11="https://api.box.com/2.0"/></ns9:role></ns9:partnerLinkType><partnerLinks><partnerLink myRole="Box_API_Hook_PortType" name="initial" partnerLinkType="ns11:Box_API_Hook_PortTypeProvider" xmlns:ns11="https://soa.com"/><partnerLink myRole="Consumer" name="Activity" partnerLinkType="ns11:ActivityPortTypeConsumer" xmlns:ns11="https://soa.com"/><partnerLink myRole="Consumer" name="Box_Content_API_PortTypePartnerLink" partnerLinkType="ns11:Box_Content_API_PortTypeConsumer" xmlns:ns11="https://soa.com"/></partnerLinks><variables><variable messageType="ns11:ActivityMessage" name="message" xmlns:ns11="http://soa.com/process/activity"/><variable messageType="ns11:ActivityMessage" name="fault" xmlns:ns11="http://soa.com/process/activity"/></variables><faultHandlers><catchAll><sequence><reply faultName="ns2:ExistingFault" name="FaultReply" operation="GET__helloworld" partnerLink="initial" portType="ns11:Box_API_Hook_PortType" variable="fault" xmlns:ns11="https://soa.com"/></sequence></catchAll></faultHandlers><sequence><receive createInstance="yes" name="Receive" operation="GET__helloworld" partnerLink="initial" portType="ns11:Box_API_Hook_PortType" variable="message" xmlns:ns11="https://soa.com"/><invoke inputVariable="message" name="CallHelloWorld" operation="invoke" outputVariable="message" partnerLink="Activity" portType="ns10:ActivityPortType"><ns2:InvocationExt endpoint="CallHelloWorld" propagateExchange="true" service="ns10:ActivityService"/></invoke><reply name="Reply" operation="GET__helloworld" partnerLink="initial" portType="ns11:Box_API_Hook_PortType" variable="message" xmlns:ns11="https://soa.com"/></sequence></process>