<?xml version="1.0" encoding="UTF-8"?>
<VirtualServiceConfiguration LastUpdated="1429253010339" ServiceName="ns13:Box_Content_API_vs0" xmlns="http://soa.com/capabilities/service/virtualization/bpel" xmlns:ns10="http://schemas.xmlsoap.org/ws/2003/03/business-process/" xmlns:ns11="http://soa.com/bpel/ext" xmlns:ns12="http://schemas.xmlsoap.org/ws/2003/05/partner-link/" xmlns:ns13="https://api.box.com/2.0/hook" xmlns:ns2="http://schemas.xmlsoap.org/ws/2006/02/addressingidentity" xmlns:ns3="http://www.w3.org/2000/09/xmldsig#" xmlns:ns4="http://docs.oasis-open.org/wss/2004/01/oasis-200401-wss-wssecurity-secext-1.0.xsd" xmlns:ns5="http://docs.oasis-open.org/wss/2004/01/oasis-200401-wss-wssecurity-utility-1.0.xsd" xmlns:ns6="http://schemas.xmlsoap.org/ws/2004/09/mex" xmlns:ns7="http://soa.com/capabilities/service/virtualization/bpel/activity" xmlns:ns8="http://www.w3.org/2001/04/xmlenc#" xmlns:ns9="http://federatedgovernance.org/mc/configuration/x509"><OutboundIdentityConfig><UseInboundIdentities xmlns:xs="http://www.w3.org/2001/XMLSchema" xmlns:xsi="http://www.w3.org/2001/XMLSchema-instance" xsi:type="xs:boolean">true</UseInboundIdentities><UseServiceIdentityForHTTPS>false</UseServiceIdentityForHTTPS></OutboundIdentityConfig><PolicyImplementationConfig><ImplementPolicies>true</ImplementPolicies></PolicyImplementationConfig><OperationImplementation InterfaceName="ns14:Box_Content_API_PortType" LastUpdated="1429253003594" OperationName="DELETE__collaborations__id_" xmlns:ns14="https://api.box.com/2.0"><Process/><BindingHeaderInstructions><PreserveBindingHeaders>true</PreserveBindingHeaders></BindingHeaderInstructions><TransportHeaderInstructions><PreserveTransportHeaders>true</PreserveTransportHeaders></TransportHeaderInstructions></OperationImplementation><OperationImplementation InterfaceName="ns14:Box_Content_API_PortType" LastUpdated="1429253003690" OperationName="DELETE__comments__comment_id_" xmlns:ns14="https://api.box.com/2.0"><Process/><BindingHeaderInstructions><PreserveBindingHeaders>true</PreserveBindingHeaders></BindingHeaderInstructions><TransportHeaderInstructions><PreserveTransportHeaders>true</PreserveTransportHeaders></TransportHeaderInstructions></OperationImplementation><OperationImplementation InterfaceName="ns14:Box_Content_API_PortType" LastUpdated="1429253003786" OperationName="DELETE__files__id_" xmlns:ns14="https://api.box.com/2.0"><Process/><BindingHeaderInstructions><PreserveBindingHeaders>true</PreserveBindingHeaders></BindingHeaderInstructions><TransportHeaderInstructions><PreserveTransportHeaders>true</PreserveTransportHeaders></TransportHeaderInstructions></OperationImplementation><OperationImplementation InterfaceName="ns14:Box_Content_API_PortType" LastUpdated="1429253003878" OperationName="DELETE__files__id__trash" xmlns:ns14="https://api.box.com/2.0"><Process/><BindingHeaderInstructions><PreserveBindingHeaders>true</PreserveBindingHeaders></BindingHeaderInstructions><TransportHeaderInstructions><PreserveTransportHeaders>true</PreserveTransportHeaders></TransportHeaderInstructions></OperationImplementation><OperationImplementation InterfaceName="ns14:Box_Content_API_PortType" LastUpdated="1429253003969" OperationName="DELETE__files__id__versions__version_id_" xmlns:ns14="https://api.box.com/2.0"><Process/><BindingHeaderInstructions><PreserveBindingHeaders>true</PreserveBindingHeaders></BindingHeaderInstructions><TransportHeaderInstructions><PreserveTransportHeaders>true</PreserveTransportHeaders></TransportHeaderInstructions></OperationImplementation><OperationImplementation InterfaceName="ns14:Box_Content_API_PortType" LastUpdated="1429253004056" OperationName="DELETE__folders__id_" xmlns:ns14="https://api.box.com/2.0"><Process/><BindingHeaderInstructions><PreserveBindingHeaders>true</PreserveBindingHeaders></BindingHeaderInstructions><TransportHeaderInstructions><PreserveTransportHeaders>true</PreserveTransportHeaders></TransportHeaderInstructions></OperationImplementation><OperationImplementation InterfaceName="ns14:Box_Content_API_PortType" LastUpdated="1429253004152" OperationName="DELETE__folders__id__trash" xmlns:ns14="https://api.box.com/2.0"><Process/><BindingHeaderInstructions><PreserveBindingHeaders>true</PreserveBindingHeaders></BindingHeaderInstructions><TransportHeaderInstructions><PreserveTransportHeaders>true</PreserveTransportHeaders></TransportHeaderInstructions></OperationImplementation><OperationImplementation InterfaceName="ns14:Box_Content_API_PortType" LastUpdated="1429253004294" OperationName="DELETE__group_memberships__id_" xmlns:ns14="https://api.box.com/2.0"><Process/><BindingHeaderInstructions><PreserveBindingHeaders>true</PreserveBindingHeaders></BindingHeaderInstructions><TransportHeaderInstructions><PreserveTransportHeaders>true</PreserveTransportHeaders></TransportHeaderInstructions></OperationImplementation><OperationImplementation InterfaceName="ns14:Box_Content_API_PortType" LastUpdated="1429253004390" OperationName="DELETE__groups__id_" xmlns:ns14="https://api.box.com/2.0"><Process/><BindingHeaderInstructions><PreserveBindingHeaders>true</PreserveBindingHeaders></BindingHeaderInstructions><TransportHeaderInstructions><PreserveTransportHeaders>true</PreserveTransportHeaders></TransportHeaderInstructions></OperationImplementation><OperationImplementation InterfaceName="ns14:Box_Content_API_PortType" LastUpdated="1429253004504" OperationName="DELETE__task_assignments__id_" xmlns:ns14="https://api.box.com/2.0"><Process/><BindingHeaderInstructions><PreserveBindingHeaders>true</PreserveBindingHeaders></BindingHeaderInstructions><TransportHeaderInstructions><PreserveTransportHeaders>true</PreserveTransportHeaders></TransportHeaderInstructions></OperationImplementation><OperationImplementation InterfaceName="ns14:Box_Content_API_PortType" LastUpdated="1429253004590" OperationName="DELETE__tasks__id_" xmlns:ns14="https://api.box.com/2.0"><Process/><BindingHeaderInstructions><PreserveBindingHeaders>true</PreserveBindingHeaders></BindingHeaderInstructions><TransportHeaderInstructions><PreserveTransportHeaders>true</PreserveTransportHeaders></TransportHeaderInstructions></OperationImplementation><OperationImplementation InterfaceName="ns14:Box_Content_API_PortType" LastUpdated="1429253004686" OperationName="DELETE__users__id_" xmlns:ns14="https://api.box.com/2.0"><Process/><BindingHeaderInstructions><PreserveBindingHeaders>true</PreserveBindingHeaders></BindingHeaderInstructions><TransportHeaderInstructions><PreserveTransportHeaders>true</PreserveTransportHeaders></TransportHeaderInstructions></OperationImplementation><OperationImplementation InterfaceName="ns14:Box_Content_API_PortType" LastUpdated="1429253004782" OperationName="DELETE__users__id__email_aliases__email_alias_id_" xmlns:ns14="https://api.box.com/2.0"><Process/><BindingHeaderInstructions><PreserveBindingHeaders>true</PreserveBindingHeaders></BindingHeaderInstructions><TransportHeaderInstructions><PreserveTransportHeaders>true</PreserveTransportHeaders></TransportHeaderInstructions></OperationImplementation><OperationImplementation InterfaceName="ns14:Box_Content_API_PortType" LastUpdated="1429253004877" OperationName="GET__collaborations__id_" xmlns:ns14="https://api.box.com/2.0"><Process/><BindingHeaderInstructions><PreserveBindingHeaders>true</PreserveBindingHeaders></BindingHeaderInstructions><TransportHeaderInstructions><PreserveTransportHeaders>true</PreserveTransportHeaders></TransportHeaderInstructions></OperationImplementation><OperationImplementation InterfaceName="ns14:Box_Content_API_PortType" LastUpdated="1429253004964" OperationName="GET__comments__comment_id_" xmlns:ns14="https://api.box.com/2.0"><Process/><BindingHeaderInstructions><PreserveBindingHeaders>true</PreserveBindingHeaders></BindingHeaderInstructions><TransportHeaderInstructions><PreserveTransportHeaders>true</PreserveTransportHeaders></TransportHeaderInstructions></OperationImplementation><OperationImplementation InterfaceName="ns14:Box_Content_API_PortType" LastUpdated="1429253005061" OperationName="GET__events" xmlns:ns14="https://api.box.com/2.0"><Process/><BindingHeaderInstructions><PreserveBindingHeaders>true</PreserveBindingHeaders></BindingHeaderInstructions><TransportHeaderInstructions><PreserveTransportHeaders>true</PreserveTransportHeaders></TransportHeaderInstructions></OperationImplementation><OperationImplementation InterfaceName="ns14:Box_Content_API_PortType" LastUpdated="1429253005157" OperationName="GET__files__id_" xmlns:ns14="https://api.box.com/2.0"><Process/><BindingHeaderInstructions><PreserveBindingHeaders>true</PreserveBindingHeaders></BindingHeaderInstructions><TransportHeaderInstructions><PreserveTransportHeaders>true</PreserveTransportHeaders></TransportHeaderInstructions></OperationImplementation><OperationImplementation InterfaceName="ns14:Box_Content_API_PortType" LastUpdated="1429253005379" OperationName="GET__files__id___thumbnail_file_name_" xmlns:ns14="https://api.box.com/2.0"><Process/><BindingHeaderInstructions><PreserveBindingHeaders>true</PreserveBindingHeaders></BindingHeaderInstructions><TransportHeaderInstructions><PreserveTransportHeaders>true</PreserveTransportHeaders></TransportHeaderInstructions></OperationImplementation><OperationImplementation InterfaceName="ns14:Box_Content_API_PortType" LastUpdated="1429253005475" OperationName="GET__files__id__comments" xmlns:ns14="https://api.box.com/2.0"><Process/><BindingHeaderInstructions><PreserveBindingHeaders>true</PreserveBindingHeaders></BindingHeaderInstructions><TransportHeaderInstructions><PreserveTransportHeaders>true</PreserveTransportHeaders></TransportHeaderInstructions></OperationImplementation><OperationImplementation InterfaceName="ns14:Box_Content_API_PortType" LastUpdated="1429253005581" OperationName="GET__files__id__content" xmlns:ns14="https://api.box.com/2.0"><Process/><BindingHeaderInstructions><PreserveBindingHeaders>true</PreserveBindingHeaders></BindingHeaderInstructions><TransportHeaderInstructions><PreserveTransportHeaders>true</PreserveTransportHeaders></TransportHeaderInstructions></OperationImplementation><OperationImplementation InterfaceName="ns14:Box_Content_API_PortType" LastUpdated="1429253005694" OperationName="GET__files__id__tasks" xmlns:ns14="https://api.box.com/2.0"><Process/><BindingHeaderInstructions><PreserveBindingHeaders>true</PreserveBindingHeaders></BindingHeaderInstructions><TransportHeaderInstructions><PreserveTransportHeaders>true</PreserveTransportHeaders></TransportHeaderInstructions></OperationImplementation><OperationImplementation InterfaceName="ns14:Box_Content_API_PortType" LastUpdated="1429253005795" OperationName="GET__files__id__trash" xmlns:ns14="https://api.box.com/2.0"><Process/><BindingHeaderInstructions><PreserveBindingHeaders>true</PreserveBindingHeaders></BindingHeaderInstructions><TransportHeaderInstructions><PreserveTransportHeaders>true</PreserveTransportHeaders></TransportHeaderInstructions></OperationImplementation><OperationImplementation InterfaceName="ns14:Box_Content_API_PortType" LastUpdated="1429253005890" OperationName="GET__files__id__versions" xmlns:ns14="https://api.box.com/2.0"><Process/><BindingHeaderInstructions><PreserveBindingHeaders>true</PreserveBindingHeaders></BindingHeaderInstructions><TransportHeaderInstructions><PreserveTransportHeaders>true</PreserveTransportHeaders></TransportHeaderInstructions></OperationImplementation><OperationImplementation InterfaceName="ns14:Box_Content_API_PortType" LastUpdated="1429253005988" OperationName="GET__folders__id_" xmlns:ns14="https://api.box.com/2.0"><Process/><BindingHeaderInstructions><PreserveBindingHeaders>true</PreserveBindingHeaders></BindingHeaderInstructions><TransportHeaderInstructions><PreserveTransportHeaders>true</PreserveTransportHeaders></TransportHeaderInstructions></OperationImplementation><OperationImplementation InterfaceName="ns14:Box_Content_API_PortType" LastUpdated="1429253006164" OperationName="GET__folders__id__collaborations" xmlns:ns14="https://api.box.com/2.0"><Process/><BindingHeaderInstructions><PreserveBindingHeaders>true</PreserveBindingHeaders></BindingHeaderInstructions><TransportHeaderInstructions><PreserveTransportHeaders>true</PreserveTransportHeaders></TransportHeaderInstructions></OperationImplementation><OperationImplementation InterfaceName="ns14:Box_Content_API_PortType" LastUpdated="1429253006261" OperationName="GET__folders__id__item" xmlns:ns14="https://api.box.com/2.0"><Process/><BindingHeaderInstructions><PreserveBindingHeaders>true</PreserveBindingHeaders></BindingHeaderInstructions><TransportHeaderInstructions><PreserveTransportHeaders>true</PreserveTransportHeaders></TransportHeaderInstructions></OperationImplementation><OperationImplementation InterfaceName="ns14:Box_Content_API_PortType" LastUpdated="1429253006395" OperationName="GET__folders__id__trash" xmlns:ns14="https://api.box.com/2.0"><Process/><BindingHeaderInstructions><PreserveBindingHeaders>true</PreserveBindingHeaders></BindingHeaderInstructions><TransportHeaderInstructions><PreserveTransportHeaders>true</PreserveTransportHeaders></TransportHeaderInstructions></OperationImplementation><OperationImplementation InterfaceName="ns14:Box_Content_API_PortType" LastUpdated="1429253006490" OperationName="GET__folders_trash_items" xmlns:ns14="https://api.box.com/2.0"><Process/><BindingHeaderInstructions><PreserveBindingHeaders>true</PreserveBindingHeaders></BindingHeaderInstructions><TransportHeaderInstructions><PreserveTransportHeaders>true</PreserveTransportHeaders></TransportHeaderInstructions></OperationImplementation><OperationImplementation InterfaceName="ns14:Box_Content_API_PortType" LastUpdated="1429253006578" OperationName="GET__group_memberships__id_" xmlns:ns14="https://api.box.com/2.0"><Process/><BindingHeaderInstructions><PreserveBindingHeaders>true</PreserveBindingHeaders></BindingHeaderInstructions><TransportHeaderInstructions><PreserveTransportHeaders>true</PreserveTransportHeaders></TransportHeaderInstructions></OperationImplementation><OperationImplementation InterfaceName="ns14:Box_Content_API_PortType" LastUpdated="1429253006672" OperationName="GET__group_memberships__id__collaborations" xmlns:ns14="https://api.box.com/2.0"><Process/><BindingHeaderInstructions><PreserveBindingHeaders>true</PreserveBindingHeaders></BindingHeaderInstructions><TransportHeaderInstructions><PreserveTransportHeaders>true</PreserveTransportHeaders></TransportHeaderInstructions></OperationImplementation><OperationImplementation InterfaceName="ns14:Box_Content_API_PortType" LastUpdated="1429253006763" OperationName="GET__groups" xmlns:ns14="https://api.box.com/2.0"><Process/><BindingHeaderInstructions><PreserveBindingHeaders>true</PreserveBindingHeaders></BindingHeaderInstructions><TransportHeaderInstructions><PreserveTransportHeaders>true</PreserveTransportHeaders></TransportHeaderInstructions></OperationImplementation><OperationImplementation InterfaceName="ns14:Box_Content_API_PortType" LastUpdated="1429253006856" OperationName="GET__groups__id__memberships" xmlns:ns14="https://api.box.com/2.0"><Process/><BindingHeaderInstructions><PreserveBindingHeaders>true</PreserveBindingHeaders></BindingHeaderInstructions><TransportHeaderInstructions><PreserveTransportHeaders>true</PreserveTransportHeaders></TransportHeaderInstructions></OperationImplementation><OperationImplementation InterfaceName="ns14:Box_Content_API_PortType" LastUpdated="1429253006952" OperationName="GET__search" xmlns:ns14="https://api.box.com/2.0"><Process/><BindingHeaderInstructions><PreserveBindingHeaders>true</PreserveBindingHeaders></BindingHeaderInstructions><TransportHeaderInstructions><PreserveTransportHeaders>true</PreserveTransportHeaders></TransportHeaderInstructions></OperationImplementation><OperationImplementation InterfaceName="ns14:Box_Content_API_PortType" LastUpdated="1429253007060" OperationName="GET__shared_items" xmlns:ns14="https://api.box.com/2.0"><Process/><BindingHeaderInstructions><PreserveBindingHeaders>true</PreserveBindingHeaders></BindingHeaderInstructions><TransportHeaderInstructions><PreserveTransportHeaders>true</PreserveTransportHeaders></TransportHeaderInstructions></OperationImplementation><OperationImplementation InterfaceName="ns14:Box_Content_API_PortType" LastUpdated="1429253007147" OperationName="GET__task_assignments__id_" xmlns:ns14="https://api.box.com/2.0"><Process/><BindingHeaderInstructions><PreserveBindingHeaders>true</PreserveBindingHeaders></BindingHeaderInstructions><TransportHeaderInstructions><PreserveTransportHeaders>true</PreserveTransportHeaders></TransportHeaderInstructions></OperationImplementation><OperationImplementation InterfaceName="ns14:Box_Content_API_PortType" LastUpdated="1429253007242" OperationName="GET__tasks__id_" xmlns:ns14="https://api.box.com/2.0"><Process/><BindingHeaderInstructions><PreserveBindingHeaders>true</PreserveBindingHeaders></BindingHeaderInstructions><TransportHeaderInstructions><PreserveTransportHeaders>true</PreserveTransportHeaders></TransportHeaderInstructions></OperationImplementation><OperationImplementation InterfaceName="ns14:Box_Content_API_PortType" LastUpdated="1429253007374" OperationName="GET__tasks__id__assignments" xmlns:ns14="https://api.box.com/2.0"><Process/><BindingHeaderInstructions><PreserveBindingHeaders>true</PreserveBindingHeaders></BindingHeaderInstructions><TransportHeaderInstructions><PreserveTransportHeaders>true</PreserveTransportHeaders></TransportHeaderInstructions></OperationImplementation><OperationImplementation InterfaceName="ns14:Box_Content_API_PortType" LastUpdated="1429253007470" OperationName="GET__users" xmlns:ns14="https://api.box.com/2.0"><Process/><BindingHeaderInstructions><PreserveBindingHeaders>true</PreserveBindingHeaders></BindingHeaderInstructions><TransportHeaderInstructions><PreserveTransportHeaders>true</PreserveTransportHeaders></TransportHeaderInstructions></OperationImplementation><OperationImplementation InterfaceName="ns14:Box_Content_API_PortType" LastUpdated="1429253007575" OperationName="GET__users__id__email_aliases" xmlns:ns14="https://api.box.com/2.0"><Process/><BindingHeaderInstructions><PreserveBindingHeaders>true</PreserveBindingHeaders></BindingHeaderInstructions><TransportHeaderInstructions><PreserveTransportHeaders>true</PreserveTransportHeaders></TransportHeaderInstructions></OperationImplementation><OperationImplementation InterfaceName="ns14:Box_Content_API_PortType" LastUpdated="1429253007667" OperationName="GET__users__id__memberships" xmlns:ns14="https://api.box.com/2.0"><Process/><BindingHeaderInstructions><PreserveBindingHeaders>true</PreserveBindingHeaders></BindingHeaderInstructions><TransportHeaderInstructions><PreserveTransportHeaders>true</PreserveTransportHeaders></TransportHeaderInstructions></OperationImplementation><OperationImplementation InterfaceName="ns14:Box_Content_API_PortType" LastUpdated="1429253007759" OperationName="GET__users_me" xmlns:ns14="https://api.box.com/2.0"><Process/><BindingHeaderInstructions><PreserveBindingHeaders>true</PreserveBindingHeaders></BindingHeaderInstructions><TransportHeaderInstructions><PreserveTransportHeaders>true</PreserveTransportHeaders></TransportHeaderInstructions></OperationImplementation><OperationImplementation InterfaceName="ns14:Box_Content_API_PortType" LastUpdated="1429253007855" OperationName="POST__collaborations" xmlns:ns14="https://api.box.com/2.0"><Process/><BindingHeaderInstructions><PreserveBindingHeaders>true</PreserveBindingHeaders></BindingHeaderInstructions><TransportHeaderInstructions><PreserveTransportHeaders>true</PreserveTransportHeaders></TransportHeaderInstructions></OperationImplementation><OperationImplementation InterfaceName="ns14:Box_Content_API_PortType" LastUpdated="1429253007967" OperationName="POST__comments" xmlns:ns14="https://api.box.com/2.0"><Process/><BindingHeaderInstructions><PreserveBindingHeaders>true</PreserveBindingHeaders></BindingHeaderInstructions><TransportHeaderInstructions><PreserveTransportHeaders>true</PreserveTransportHeaders></TransportHeaderInstructions></OperationImplementation><OperationImplementation InterfaceName="ns14:Box_Content_API_PortType" LastUpdated="1429253008077" OperationName="POST__files__id_" xmlns:ns14="https://api.box.com/2.0"><Process/><BindingHeaderInstructions><PreserveBindingHeaders>true</PreserveBindingHeaders></BindingHeaderInstructions><TransportHeaderInstructions><PreserveTransportHeaders>true</PreserveTransportHeaders></TransportHeaderInstructions></OperationImplementation><OperationImplementation InterfaceName="ns14:Box_Content_API_PortType" LastUpdated="1429253008180" OperationName="POST__files__id__copy" xmlns:ns14="https://api.box.com/2.0"><Process/><BindingHeaderInstructions><PreserveBindingHeaders>true</PreserveBindingHeaders></BindingHeaderInstructions><TransportHeaderInstructions><PreserveTransportHeaders>true</PreserveTransportHeaders></TransportHeaderInstructions></OperationImplementation><OperationImplementation InterfaceName="ns14:Box_Content_API_PortType" LastUpdated="1429253008276" OperationName="POST__files__id__versions_current" xmlns:ns14="https://api.box.com/2.0"><Process/><BindingHeaderInstructions><PreserveBindingHeaders>true</PreserveBindingHeaders></BindingHeaderInstructions><TransportHeaderInstructions><PreserveTransportHeaders>true</PreserveTransportHeaders></TransportHeaderInstructions></OperationImplementation><OperationImplementation InterfaceName="ns14:Box_Content_API_PortType" LastUpdated="1429253008364" OperationName="POST__files_content" xmlns:ns14="https://api.box.com/2.0"><Process/><BindingHeaderInstructions><PreserveBindingHeaders>true</PreserveBindingHeaders></BindingHeaderInstructions><TransportHeaderInstructions><PreserveTransportHeaders>true</PreserveTransportHeaders></TransportHeaderInstructions></OperationImplementation><OperationImplementation InterfaceName="ns14:Box_Content_API_PortType" LastUpdated="1429253008509" OperationName="POST__folders" xmlns:ns14="https://api.box.com/2.0"><Process/><BindingHeaderInstructions><PreserveBindingHeaders>true</PreserveBindingHeaders></BindingHeaderInstructions><TransportHeaderInstructions><PreserveTransportHeaders>true</PreserveTransportHeaders></TransportHeaderInstructions></OperationImplementation><OperationImplementation InterfaceName="ns14:Box_Content_API_PortType" LastUpdated="1429253008614" OperationName="POST__folders__id_" xmlns:ns14="https://api.box.com/2.0"><Process/><BindingHeaderInstructions><PreserveBindingHeaders>true</PreserveBindingHeaders></BindingHeaderInstructions><TransportHeaderInstructions><PreserveTransportHeaders>true</PreserveTransportHeaders></TransportHeaderInstructions></OperationImplementation><OperationImplementation InterfaceName="ns14:Box_Content_API_PortType" LastUpdated="1429253008732" OperationName="POST__folders__id__copy" xmlns:ns14="https://api.box.com/2.0"><Process/><BindingHeaderInstructions><PreserveBindingHeaders>true</PreserveBindingHeaders></BindingHeaderInstructions><TransportHeaderInstructions><PreserveTransportHeaders>true</PreserveTransportHeaders></TransportHeaderInstructions></OperationImplementation><OperationImplementation InterfaceName="ns14:Box_Content_API_PortType" LastUpdated="1429253008833" OperationName="POST__group_memberships" xmlns:ns14="https://api.box.com/2.0"><Process/><BindingHeaderInstructions><PreserveBindingHeaders>true</PreserveBindingHeaders></BindingHeaderInstructions><TransportHeaderInstructions><PreserveTransportHeaders>true</PreserveTransportHeaders></TransportHeaderInstructions></OperationImplementation><OperationImplementation InterfaceName="ns14:Box_Content_API_PortType" LastUpdated="1429253008922" OperationName="POST__group_memberships__id_" xmlns:ns14="https://api.box.com/2.0"><Process/><BindingHeaderInstructions><PreserveBindingHeaders>true</PreserveBindingHeaders></BindingHeaderInstructions><TransportHeaderInstructions><PreserveTransportHeaders>true</PreserveTransportHeaders></TransportHeaderInstructions></OperationImplementation><OperationImplementation InterfaceName="ns14:Box_Content_API_PortType" LastUpdated="1429253009023" OperationName="POST__groups" xmlns:ns14="https://api.box.com/2.0"><Process/><BindingHeaderInstructions><PreserveBindingHeaders>true</PreserveBindingHeaders></BindingHeaderInstructions><TransportHeaderInstructions><PreserveTransportHeaders>true</PreserveTransportHeaders></TransportHeaderInstructions></OperationImplementation><OperationImplementation InterfaceName="ns14:Box_Content_API_PortType" LastUpdated="1429253009116" OperationName="POST__task_assignments" xmlns:ns14="https://api.box.com/2.0"><Process/><BindingHeaderInstructions><PreserveBindingHeaders>true</PreserveBindingHeaders></BindingHeaderInstructions><TransportHeaderInstructions><PreserveTransportHeaders>true</PreserveTransportHeaders></TransportHeaderInstructions></OperationImplementation><OperationImplementation InterfaceName="ns14:Box_Content_API_PortType" LastUpdated="1429253009225" OperationName="POST__tasks" xmlns:ns14="https://api.box.com/2.0"><Process/><BindingHeaderInstructions><PreserveBindingHeaders>true</PreserveBindingHeaders></BindingHeaderInstructions><TransportHeaderInstructions><PreserveTransportHeaders>true</PreserveTransportHeaders></TransportHeaderInstructions></OperationImplementation><OperationImplementation InterfaceName="ns14:Box_Content_API_PortType" LastUpdated="1429253009322" OperationName="POST__users" xmlns:ns14="https://api.box.com/2.0"><Process/><BindingHeaderInstructions><PreserveBindingHeaders>true</PreserveBindingHeaders></BindingHeaderInstructions><TransportHeaderInstructions><PreserveTransportHeaders>true</PreserveTransportHeaders></TransportHeaderInstructions></OperationImplementation><OperationImplementation InterfaceName="ns14:Box_Content_API_PortType" LastUpdated="1429253009460" OperationName="POST__users__id__email_aliases" xmlns:ns14="https://api.box.com/2.0"><Process/><BindingHeaderInstructions><PreserveBindingHeaders>true</PreserveBindingHeaders></BindingHeaderInstructions><TransportHeaderInstructions><PreserveTransportHeaders>true</PreserveTransportHeaders></TransportHeaderInstructions></OperationImplementation><OperationImplementation InterfaceName="ns14:Box_Content_API_PortType" LastUpdated="1429253009557" OperationName="PUT__collaborations__id_" xmlns:ns14="https://api.box.com/2.0"><Process/><BindingHeaderInstructions><PreserveBindingHeaders>true</PreserveBindingHeaders></BindingHeaderInstructions><TransportHeaderInstructions><PreserveTransportHeaders>true</PreserveTransportHeaders></TransportHeaderInstructions></OperationImplementation><OperationImplementation InterfaceName="ns14:Box_Content_API_PortType" LastUpdated="1429253009657" OperationName="PUT__comments__comment_id_" xmlns:ns14="https://api.box.com/2.0"><Process/><BindingHeaderInstructions><PreserveBindingHeaders>true</PreserveBindingHeaders></BindingHeaderInstructions><TransportHeaderInstructions><PreserveTransportHeaders>true</PreserveTransportHeaders></TransportHeaderInstructions></OperationImplementation><OperationImplementation InterfaceName="ns14:Box_Content_API_PortType" LastUpdated="1429253009754" OperationName="PUT__files__id_" xmlns:ns14="https://api.box.com/2.0"><Process/><BindingHeaderInstructions><PreserveBindingHeaders>true</PreserveBindingHeaders></BindingHeaderInstructions><TransportHeaderInstructions><PreserveTransportHeaders>true</PreserveTransportHeaders></TransportHeaderInstructions></OperationImplementation><OperationImplementation InterfaceName="ns14:Box_Content_API_PortType" LastUpdated="1429253009856" OperationName="PUT__folders__id_" xmlns:ns14="https://api.box.com/2.0"><Process/><BindingHeaderInstructions><PreserveBindingHeaders>true</PreserveBindingHeaders></BindingHeaderInstructions><TransportHeaderInstructions><PreserveTransportHeaders>true</PreserveTransportHeaders></TransportHeaderInstructions></OperationImplementation><OperationImplementation InterfaceName="ns14:Box_Content_API_PortType" LastUpdated="1429253009944" OperationName="PUT__groups__id_" xmlns:ns14="https://api.box.com/2.0"><Process/><BindingHeaderInstructions><PreserveBindingHeaders>true</PreserveBindingHeaders></BindingHeaderInstructions><TransportHeaderInstructions><PreserveTransportHeaders>true</PreserveTransportHeaders></TransportHeaderInstructions></OperationImplementation><OperationImplementation InterfaceName="ns14:Box_Content_API_PortType" LastUpdated="1429253010040" OperationName="PUT__task_assignments__id_" xmlns:ns14="https://api.box.com/2.0"><Process/><BindingHeaderInstructions><PreserveBindingHeaders>true</PreserveBindingHeaders></BindingHeaderInstructions><TransportHeaderInstructions><PreserveTransportHeaders>true</PreserveTransportHeaders></TransportHeaderInstructions></OperationImplementation><OperationImplementation InterfaceName="ns14:Box_Content_API_PortType" LastUpdated="1429253010142" OperationName="PUT__tasks__id_" xmlns:ns14="https://api.box.com/2.0"><Process/><BindingHeaderInstructions><PreserveBindingHeaders>true</PreserveBindingHeaders></BindingHeaderInstructions><TransportHeaderInstructions><PreserveTransportHeaders>true</PreserveTransportHeaders></TransportHeaderInstructions></OperationImplementation><OperationImplementation InterfaceName="ns14:Box_Content_API_PortType" LastUpdated="1429253010239" OperationName="PUT__users__id_" xmlns:ns14="https://api.box.com/2.0"><Process/><BindingHeaderInstructions><PreserveBindingHeaders>true</PreserveBindingHeaders></BindingHeaderInstructions><TransportHeaderInstructions><PreserveTransportHeaders>true</PreserveTransportHeaders></TransportHeaderInstructions></OperationImplementation><OperationImplementation InterfaceName="ns14:Box_Content_API_PortType" LastUpdated="1429253010339" OperationName="PUT__users__id__folders__folder_id_" xmlns:ns14="https://api.box.com/2.0"><Process/><BindingHeaderInstructions><PreserveBindingHeaders>true</PreserveBindingHeaders></BindingHeaderInstructions><TransportHeaderInstructions><PreserveTransportHeaders>true</PreserveTransportHeaders></TransportHeaderInstructions></OperationImplementation></VirtualServiceConfiguration>